Company,Document Type,gemma_cleaned
1Password,AgileBitsPrivacyPolicy,Agile Bits Privacy Policy
1Password,TermsofService,Term of Service
23andMe,CenforceProfessional,Cenforce Professional
23andMe,CookiePolicy,CookiePolicy
23andMe,PrivacyPolicy,PrivacyPolicy
23andMe,TermsofService,Term of Service
4chan,Legal,Legal
4chan,Rules,Rules
A+ENetworks,CommunityGuidelines,CommunityGuidelines
A+ENetworks,CookieNotice,CookieNotice
A+ENetworks,COPYRIGHTPOLICY,COPYRIGHT POLICY
A+ENetworks,PRIVACYNOTICE,PRIVACYNOTICE
A+ENetworks,TERMSOFSERVICE,Terms of Service
AA,privacynotice,privacynotice
AA,Termsofuse,Term of use
AbbVie,PrivacyNotice,PrivacyNotice
AbbVie,TermsofUse,Term of Use
AbileneChristianUniversity,GeneralUniversityPolicies,General University Policies
AbileneChristianUniversity,PrivacyPolicy,PrivacyPolicy
AbileneChristianUniversity,UniversityPolicies,University Policies
Academiaedu,CopyrightPolicy,CopyrightPolicy
Academiaedu,PrivacyPolicy,PrivacyPolicy
Academiaedu,TermsofService,Term of Service
ActBlue,PrivacyPolicy,PrivacyPolicy
ActBlue,TheFinePrint,The Fine Print
ActivisionPublishing,TermsandConditions,Terms and Conditions
ACTwireless,PrivacyPolicy,PrivacyPolicy
ACTwireless,TermsofService,Term of Service
ACT,PrivacyPolicy,PrivacyPolicy
ACT,TermsandConditions,Terms and Conditions
AdblockPlus,PrivacyPolicy,PrivacyPolicy
AdblockPlus,TermsofUse,Term of Use
AdobeServices,PrivacyPolicy,PrivacyPolicy
AdobeServices,TermsofUse,Term of Use
ADT,DigitalSecurityPrivacyPo,Digital Security Privacy Policy
ADT,DigitalSecurityTermsofUse,Digital Security Terms of Use
ADT,PrivacyPolicy,PrivacyPolicy
ADT,WebsiteTermsofUse,Website Term of Use
Affirm,PrivacyPolicy,PrivacyPolicy
Affirm,TermsofService,Term of Service
Airbnb,CookiePolicy,CookiePolicy
Airbnb,PrivacyPolicy,PrivacyPolicy
Airbnb,TermsofService,Term of Service
AirVPN,PrivacyPolicy,PrivacyPolicy
AirVPN,TermsofService,Term of Service
AlbertsonsCompaniesSubsidiaries,AlbertsonsCompaniesPrivac,Albertsons Companies Privacy
AlbertsonsCompaniesSubsidiaries,AlbertsonsCompaniesTerms,Albertsons Companies Terms
AlbertsonsCompaniesSubsidiaries,AntiHumanTrafficking,Legal Notice
AlbertsonsCompaniesSubsidiaries,CookiesandAdsPolicy,Cookies and Ads Policy
AlbertsonsCompaniesSubsidiaries,DigitalAccessibilityState,DigitalAccessibilityState
AlbertsonsCompaniesSubsidiaries,GMOs,GMOs
AlbertsonsCompaniesSubsidiaries,HIPAANOTICEOFPRIVACYPRA,Legal Notice
AlbertsonsCompaniesSubsidiaries,LuckyMarketStreetTermsO,Lucky Market Street Terms
AlbertsonsCompaniesSubsidiaries,LuckysSupplyChainTransp,Luckys Supply Chain Transportation
AlbertsonsCompaniesSubsidiaries,LuckySupermarketsPrivacy,LuckySupermarketsPrivacy
AlbertsonsCompaniesSubsidiaries,NoticeofNonDiscrimination,Notice of Non-Discrimination
AlibabaGroup,PrivacyPolicy,PrivacyPolicy
AliExpress,TermsofUse,Term of Use
AllenInstituteforArtificialIntelligence,TermsandConditionsofUse,Terms and Conditions of Use
AmazonAWS,AWSPrivacyNotice,AWSPrivacyNotice
AmazonAWS,AWSServiceTerms,AWSServiceTerms
AmazonAWS,AWSServiceTerms,Legal Notice
AmazonPrimeVideo,AmazonInterestBasedAds,Amazon Interest-Based Ads Policy
AmazonPrimeVideo,AmazonPrivacyNotice,AmazonPrivacyNotice
Amazon,AlexaTermsofUse,Alexa Term of Use
Amazon,AmazonAppstoreforAndroid,Amazon App Store for Android
Amazon,AmazonCoinsTerms,AmazonCoinsTerms
Amazon,AmazonDeviceTermsofUse,AmazonDeviceTermsofUse
Amazon,AmazonDriveandPrimePhot,Amazon Drive and Prime Phot
Amazon,AmazonGameCircleTermsofUse,Amazon Game Circle Terms of Use
Amazon,AmazonMapsTermsofUse,AmazonMapsTermsofUse
Amazon,AmazonMusicTermsofUse,AmazonMusicTermsofUse
Amazon,AmazonPrimeTerms,AmazonPrimeTerms
Amazon,AmazonPrivacyNotice,Amazon Privacy Notice
Amazon,AmazonSilkTermsandConditions,AmazonSilkTermsandConditions
Amazon,BackupandRestoreFAQ,Backup and Restore FAQ
Amazon,ConditionsofUse,Condition of Use
Amazon,EUUSandSwissUSPrivacy,EU US and Swiss Privacy
Amazon,FireflyFAQ,Firefly FAQ
Amazon,InterestBasedAds,Interest-Based Ads Policy
Amazon,KindleEReaderandFireTa,Kindle Reader and Fire Tablet Legal Notice
Amazon,KindlePersonalDocumentsD,Kindle Personal Documents
Amazon,KindleSpecialOfferTextN,Kindle Special Offer Text
Amazon,KindleStoreTermsofUse,Kindle Store Term of Use
Amazon,KindleUnlimitedTermsofUse,Kindle Unlimited Term of Use
Amazon,LimitedTimeSpecialOffers,Limited Time Special Offers
Amazon,LocationServicesFAQ,Location Services FAQ
Amazon,MonthlyPaymentsTermsandCo,Legal Notice
Amazon,SavingYourWiFiPasswords,Saving Your WiFi Passwords
AmericanRedCross,TermsofUse,Term of Use
AmnestyInternationalLimitedUK,CookieStatement,CookieStatement
AmnestyInternationalLimitedUK,PrivacyPolicy,PrivacyPolicy
Ancestryandservices,CommunityRules,Community Rules
Ancestryandservices,CookiePolicy,CookiePolicy
Ancestryandservices,PrivacyStatement,PrivacyStatement
Ancestryandservices,RenewalandCancellationTerms,RenewalandCancellationTerms
Ancestryandservices,TermsandConditions,Terms and Conditions
Androidවැඩකාරයෝ,PrivacyPolicy,PrivacyPolicy
AON,TermsofUse,Term of Use
Apache,PrivacyPolicy,PrivacyPolicy
ApartmentList,PrivacyPolicy,PrivacyPolicy
ApartmentList,TermsofUse,Term of Use
APNEWS,PrivacyPolicy,PrivacyPolicy
APNEWS,TERMSOFUSE,Terms of Use
AppleMediaServicesDEPRECATED,AppleMediaServicesTerms,AppleMediaServicesTerms
AppleServices,AppleSupportCommunitiesU,Apple Support Communities U
AppleServices,ApplicationBasedServices,Application-Based Services
AppleServices,GameCenterTermsandCondi,Game Center TermsandConditions
AppleServices,iCloudTermsofService,iCloud Term of Service
AppleServices,iTunesTermsofService,iTunes Term of Service
AppleServices,PrivacyPolicy,PrivacyPolicy
AppleServices,ShazamTermsofUse,Shazam Term of Use
AppleServices,WebsiteTermsofService,Website Terms of Service
AP,PRIVACYPOLICY,PRIVACY POLICY
AP,TERMSANDCONDITIONS,Terms and Conditions
Aquafina,PrivacyPolicy,PrivacyPolicy
Aquafina,TermsandConditions,Terms and Conditions
Aramark,PrivacyPolicy,PrivacyPolicy
Aramark,Terms,Terms
ArchLinux,CodeofConduct,Code of Conduct
ArchLinux,PrivacyPolicy,PrivacyPolicy
ArchLinux,TrademarkPolicy,TrademarkPolicy
AristaNetworks,PrivacyPolicy,PrivacyPolicy
AristaNetworks,TermsofUse,Term of Use
ArizonaStateUniversityOnline,PrivacyStatements,PrivacyStatements
ArmyNationalGuard,PRIVACYPOLICY,PRIVACY POLICY
ArsTechnica,AffiliateLinkPolicy,Affiliate Link Policy
ArsTechnica,PrivacyPolicy,PrivacyPolicy
ArsTechnica,UserAgreementandPrivacyPo,User Agreement and Privacy Policy
Asana,CookiePolicy,CookiePolicy
Asana,PrivacyPolicy,PrivacyPolicy
Asana,TermsofService,Term of Service
AshleyHomeAndFurniture,PrivacyPolicy,PrivacyPolicy
AshleyHomeAndFurniture,TermsOfUse,Terms of Use
Asus,PrivacyPolicy,PrivacyPolicy
Asus,TermsofUse,Term of Use
ATandT,AcceptableUsePolicy,Acceptable Use Policy
ATandT,InternetTermsofService,Internet Terms of Service
ATandT,WirelessPlanTerms,Wireless Plan Terms
Atari,CookiesPolicy,CookiesPolicy
Atari,PrivacyPolicy,PrivacyPolicy
Atari,TermsofUse,Term of Use
AtlantaJournalConstitution,PrivacyPolicy,PrivacyPolicy
AtlantaJournalConstitution,VisitorAgreement,Visitor Agreement
Atlassian,AtlassianCloudToS,Legal Notice
Atlassian,CookiesandTrackingNotice,Cookies and Tracking Notice
Atlassian,Mergedintodocument152by,Legal Notice
Atlassian,OperationsandSecurity,Operations and Security
Atlassian,PrivacyPolicy,PrivacyPolicy
Atlassian,TrelloPrivacyPolicy,Trello Privacy Policy
AutismSpeaks,PrivacyPolicy,PrivacyPolicy
AutismSpeaks,TermsofService,Term of Service
AutoLoanExpress,PrivacyPolicy,PrivacyPolicy
AutoLoanExpress,TermsandConditions,Terms and Conditions
BainandCompany,CookiePolicy,CookiePolicy
BainandCompany,PrivacyPolicy,PrivacyPolicy
BainandCompany,TermsofUse,Term of Use
Ballotpedia,GeneralDisclaimer,Legal Notice
Ballotpedia,PrivacyPolicy,PrivacyPolicy
Bandcamp,CopyrightPolicy,CopyrightPolicy
Bandcamp,PrivacyPolicy,PrivacyPolicy
Bandcamp,TermsofUse,Term of Use
BBC,PrivacyandCookiesPolicy,Privacy and Cookies Policy
BBC,TermsofUse,Term of Use
Belkin,EndUserLicenseAgreement,End User License Agreement
Belkin,PrivacyPolicy,PrivacyPolicy
Belkin,Security,Security
Belkin,TermsofUse,Term of Use
BentleyMotors,CookiePolicy,CookiePolicy
BentleyMotors,PrivacyPolicy,PrivacyPolicy
BentleyMotors,TermsandConditions,Terms and Conditions
BeReal1,PrivacyPolicy,PrivacyPolicy
BeReal1,TERMSOFUSE,Terms of Use
Bereal,PrivacyPolicy,PrivacyPolicy
Bereal,TERMSOFUSE,Terms of Use
BetterHelp,PrivacyPolicy,PrivacyPolicy
BetterHelp,TermsandConditions,Terms and Conditions
Bing,PrivacyPolicy,PrivacyPolicy
Bing,PrivacyPolicy,PrivacyPolicy
Bing,ServicesAgreement,ServicesAgreement
Bing,ServicesAgreement,Services Agreement
BitDefender,GDPRCompliance,GDPR Compliance
BitDefender,LegalIntelectualProperty,Legal Intellectual Property
BitDefender,PersonalDataNoticeforBu,Personal Data Notice for B
BitDefender,PrivacyPolicyforBitdefen,PrivacyPolicyforBitdefen
BitTorrent,CopyrightInfringementPolicy,Copyright Infringement Policy
BitTorrent,EndUserLicenseAgreement,End User License Agreement
BitTorrent,PrivacyPolicy,PrivacyPolicy
BitTorrent,TermsofUse,Term of Use
BitTorrent,TermsofUseBitTorrentNow,Term of Use BitTorrent Now
BlaBlaCar,CookiesPolicy,CookiesPolicy
BlaBlaCar,PrivacyPolicy,PrivacyPolicy
BlaBlaCar,TermsandConditions,Terms and Conditions
BlackLivesMatterGlobalNetworkFoundationInc,PrivacyPolicy,PrivacyPolicy
BlackRock,PrivacyPolicy,PrivacyPolicy
BlackRock,PrivacyPolicy,PrivacyPolicy
BlackRock,TermsandConditions,Terms and Conditions
BleepingComputer,EthicsStatement,EthicsStatement
BleepingComputer,PrivacyPolicy,PrivacyPolicy
BleepingComputer,TermsofUse,Term of Use
Blizzard,BlizzardEntertainmentDisp,Blizzard Entertainment Disp
Blizzard,EndUserLicenseAgreement,End User License Agreement
Blizzard,PrivacyPolicy,PrivacyPolicy
Blogspot,PrivacyPolicy,PrivacyPolicy
Blogspot,TermsofService,Term of Service
BloombergLP,TermsofService,Term of Service
Bluraycom,LegalNotices,Legal Notices
Bluraycom,PrivacyPolicy,PrivacyPolicy
BobBarker,PrivacyPolicy,PrivacyPolicy
Boingo,HealthExcite,HealthExcite
Boingo,PrivacyPolicy,PrivacyPolicy
Boingo,TermsofServiceandAccept,Term of Service and Accept
Bookingcom,PrivacyStatement,PrivacyStatement
Bookingcom,TermsandConditions,Terms and Conditions
BoxOfficeMojo,ConditionsofUse,ConditionsofUse
BoxOfficeMojo,PrivacyPolicy,PrivacyPolicy
BoyScoutsofAmerica,DonorPrivacyPolicy,Donor Privacy Policy
BoyScoutsofAmerica,PrivacyPolicy,PrivacyPolicy
BoyScoutsofAmerica,TermsandConditions,Terms and Conditions
Brave,BraveRewardsAdvertiserP,Brave Rewards Advertiser
Brave,BraveRewardsPublisherTe,Brave Rewards Publisher Terms
Brave,BraveRewardsUserTermso,Brave Rewards User Termso
Brave,Bravewebsitesforumsand,Brave websites forums and
Brave,Privacypolicy,Privacy policy
Brave,publishersandcontentcrea,Publishers and content creation
Brave,Termsofpolicydocument,Term of policy document
BreitbartNewsNetwork,PrivacyPolicy,PrivacyPolicy
BreitbartNewsNetwork,Terms,Terms
Brightcove,PrivacyPolicy,PrivacyPolicy
Brightcove,TermsandConditions,Terms and Conditions
Brilliant,CookiePolicy,CookiePolicy
Brilliant,PrivacyPolicy,PrivacyPolicy
Brilliant,TermsofUse,Term of Use
BritishAirways,Cookies,Cookies
BritishAirways,PrivacyPolicy,PrivacyPolicy
BritishAirways,WebsiteSecurity,Website Security
BritishAirways,WebsiteTermsandConditions,Website Term and Conditions
Broadcom,CookiePolicy,CookiePolicy
Broadcom,LicenseandServiceTermsand,License and Service Term and Conditions
Broadcom,PrivacyPolicy,PrivacyPolicy
Broadcom,TermsofUse,Term of Use
Bumble,CookiesPolicy,CookiesPolicy
Bumble,PrivacyPolicy,PrivacyPolicy
Bumble,TermsofService,Term of Service
BurgerKing,Accessibility,Accessibility
BurgerKing,PrivacyPolicy,PrivacyPolicy
BurgerKing,TermsofService,Term of Service
BurningManProject,ePlayaTermsofService,ePlayaTermsofService
BurningManProject,GalleryTermsandConditions,GalleryTermsandConditions
BurningManProject,HiveTermsofService,HiveTermsofService
BurningManProject,PrivacyPolicy,PrivacyPolicy
BurningManProject,TermsofServiceforAPIsa,Term of Service for API Access
BurningManProject,TicketTermsandConditions,Ticket Term and Conditions
BurningManProject,YearRoundEventTermsandCo,Year-Round Event Terms and Conditions
Buzzfeed,DMCA,Legal Notice
Buzzfeed,PrivacyPolicy,PrivacyPolicy
Buzzfeed,UserAgreement,User Agreement
Cameo,PrivacyPolicy,PrivacyPolicy
Cameo,TermsofService,Term of Service
Cameo,TermsofService,Term of Service
Canvas,CookiePolicy,CookiePolicy
Canvas,EmployerTermsofUse,Employer Term of Use
Canvas,PrivacyPolicy,PrivacyPolicy
Canvas,TermsofUse,Term of Use
Canva,CookiePolicy,CookiePolicy
Canva,TermsofUse,Term of Use
CapitalG,PrivacyPolicy,PrivacyPolicy
CapitalOneShopping,PrivacyPolicy,PrivacyPolicy
CapitalOneShopping,TermsofService,Term of Service
CashApp,PrivacyPolicy,PrivacyPolicy
CashApp,TermsofService,Term of Service
CashApp,TermsofServiceSquareInc,Term of Service Square Inc.
Cengage,CengagePrivacyNotice,Legal Notice
Cengage,CengagePrivacyOverview,Cengage Privacy Overview
Cengage,TermsofUse,Term of Use
CentOS,PrivacyPolicy,PrivacyPolicy
champssports,PrivacyStatement,PrivacyStatement
champssports,TermsofUse,Term of Use
CharlesSchwab,PrivacyPolicy,PrivacyPolicy
Chase,TermsofUse,Term of Use
Chegg,CitationMachineCookieNotice,CitationMachineCookieNotice
Chegg,CookieNotice,CookieNotice
Chegg,TermsofUse,Term of Use
Chesscom,PrivacyPolicy,PrivacyPolicy
Chesscom,TermsofService,Term of Service
ChipotleMexicanGrill,PRIVACYPOLICY,PRIVACY POLICY
ChipotleMexicanGrill,TERMSOFUSE,Terms of Use
Chocolatey,Privacypolicy,Privacypolicy
Cinemax,AdChoices,Ad Choices
Cinemax,PrivacyPolicy,PrivacyPolicy
Cinemax,TermsofUse,Term of Use
Cisco,CopyrightUseandPolicies,Copyright Use and Policies
Cisco,EndUserLicenseAgreement,End User License Agreement
Cisco,Guidelines,Guidelines
Cisco,OnlinePrivacyStatement,Online Privacy Statement
Cisco,WebsiteTermsofUse,Website Term of Use
CityofSacramento,GeneralDisclaimerConditi,Legal Disclaimer Conditions
ClemsonUniversity,WebsiteInformation,Website Information
ClemsonUniversity,WhistleblowerandNonRetal,Legal Notice
Clickio,PRIVACYPOLICY,PRIVACY POLICY
Clickio,TERMSANDCONDITIONS,Terms and Conditions
Cloudflare,CloudflareCookiePolicy,Cloudflare Cookie Policy
Cloudflare,CloudflarePrivacyPolicy,Cloudflare Privacy Policy
Cloudflare,CloudflareSelfServeSubsc,Cloudflare Self-Serve Subscription
Cloudflare,WebsiteTermsofUse,Website Term of Use
CNet,TermsofUse,Term of Use
CNN,PrivacyandCookiesPolicy,Privacy and Cookies Policy
CNN,TermsofUse,Term of Use
Codewars,PrivacyPolicy,PrivacyPolicy
Codewars,WebsiteTermsofService,Website Term of Service
Coinbase,CBPaymentsandCOINBASEUKP,"Legal Notice

String: CBPaymentsandCOINBASEUKP
Cleaned: CB Payments and COINBASE UK P"
Coinbase,COINBASECOOKIEPOLICY,COINBASECOOKIE POLICY
Coinbase,CoinbaseMarketsTradingRules,CoinbaseMarketsTradingRules
Coinbase,COINBASEUSERAGREEMENT,COINBASE USER AGREEMENT
Coinbase,MARKETDATATERMSOFUSE,MARKET Data Terms of Use
CollegeBoard,AccesstoYourInformation,AccesstoYourInformation
CollegeBoard,CommunicationsandMarketi,Communications and Marketing
CollegeBoard,CookiesandDoNotTrackSi,Cookies and Do Not Track
CollegeBoard,InformationUseandDisclosure,Information Use and Disclosure
CollegeBoard,PersonallyIdentifiableInf,Personally Identifiable Information
CollegeBoard,PrivacyStatement,PrivacyStatement
CollegeBoard,SecurityofInformation,SecurityofInformation
CollegeBoard,SiteTermsandConditions,Site Terms and Conditions
CommonApplication,PrivacyPolicy,PrivacyPolicy
CommonApplication,TermsofUse,Term of Use
CommonSenseMedia,PrivacyPolicy,PrivacyPolicy
CommonSenseMedia,TermsofUse,Term of Use
ConsumerProductSafetyCommission,PrivacyPolicy,PrivacyPolicy
ConsumerReports,PrivacyPolicy,PrivacyPolicy
CoolMathGames,PrivacyPolicy,PrivacyPolicy
CoolMathGames,TermsOfUse,Terms of Use
CrainsChicagoBusiness,PrivacyPolicy,PrivacyPolicy
CreditKarma,CCPARights,Cleaned: Legal Rights
CreditKarma,PrivacyPolicy,PrivacyPolicy
CreditKarma,SecurityPractices,SecurityPractices
CreditKarma,TermsofService,Term of Service
CreditKarma,UserContentRules,User Content Rules
CricketWireless,PrivacyPolicy,PrivacyPolicy
CricketWireless,TermsofUse,Term of Use
CrowdStrike,CookieNotice,CookieNotice
CrowdStrike,PrivacyNotice,PrivacyNotice
CrowdStrike,WEBSITETERMSOFUSE,Website Terms of Use
Crunchyroll,PrivacyPolicy,PrivacyPolicy
Crunchyroll,TermsofService,Term of Service
CVS,PrivacyPolicy,PrivacyPolicy
Dailymotion,CookiePolicy,CookiePolicy
Dailymotion,CopyrightNotification,CopyrightNotification
Dailymotion,PrivacyPolicy,PrivacyPolicy
Dailymotion,ProhibitedContent,Prohibited Content
Dailymotion,TermsofUse,Term of Use
DairyQueen,PrivacyStatement,PrivacyStatement
DairyQueen,TermsandConditions,Terms and Conditions
DairyQueen,VisitorAgreement,Visitor Agreement
Dash,PrivacyPolicy,PrivacyPolicy
Dash,TermsofUse,Term of Use
Datadog,CookiePolicy,CookiePolicy
Datadog,PrivacyPolicy,PrivacyPolicy
Datadog,TermsofUse,Term of Use
Dell,ConsumerTermsofSale,Consumer Term of Sale
Dell,Cookies,Cookies
Dell,PrivacyPolicy,PrivacyPolicy
Dell,WebsiteTermsofUse,Website Term of Use
Desmos,PrivacyandCookiePolicy,Privacy and Cookie Policy
Desmos,StudentDataPrivacyStatement,Student Data Privacy Statement
Desmos,TermsofService,Term of Service
DeviantArt,CopyrightPolicy,CopyrightPolicy
DeviantArt,DeviantArtIncPrivacyP,Legal Notice
DeviantArt,EtiquettePolicy,Etiquette Policy
DeviantArt,PrivacyPolicy,PrivacyPolicy
DeviantArt,TermsofService,Term of Service
Dictionarycom,PrivacyandCookiePolicyTe,Privacy and Cookie Policy
Discord,CommunityGuidelines,CommunityGuidelines
Discord,PrivacyPolicy,PrivacyPolicy
Discord,TermsOfService,Terms of Service
DiscoveryEducation,CookiePolicy,CookiePolicy
DiscoveryEducation,TermsofUse,Term of Use
Discovery,PrivacyPolicy,PrivacyPolicy
Discovery,TrackingTechnologiesNotic,TrackingTechnologiesNotic
Discovery,VisitorAgreement,Visitor Agreement
Disney+,CookiePolicy,CookiePolicy
Disney+,PrivacyPolicy,PrivacyPolicy
Disney+,UkandEUprivacyrights,UkandEUpayprivacyrights
donotpay,termsofserviceandprivac,termsofserviceandprivac
DoorDash,PrivacyPolicy,PrivacyPolicy
DoorDash,TermsofService,Term of Service
Dropbox,AcceptableUsePolicy,Acceptable Use Policy
Dropbox,Cookies,Cleaned: Cookies
Dropbox,Mergedintodocument21by,Legal Notice
Dropbox,PrivacyPolicy,PrivacyPolicy
Dropbox,PrivacyPolicyFAQ,Privacy Policy FAQ
Dropbox,Terms,Terms
DuckDuckGo,PrivacyPolicy,PrivacyPolicy
Duolingo,PrivacyPolicy,PrivacyPolicy
Duolingo,TermsofService,Term of Service
Dyson,ReturnsPolicy,Returns Policy
eBay,Cookienotice,Cookie Notice
eBay,UserAgreement,User Agreement
eBay,UserPrivacyNotice,User Privacy Notice
Edmodo,OptimumWellness,Optimum Wellness
Edmodo,Privacypolicy,Privacypolicy
edX,PrivacyPolicy,PrivacyPolicy
edX,TermsofServiceandHonor,Term of Service and Honor
ElectronicArts,Legal,Legal
ElectronicArts,PrivacyPolicy,PrivacyPolicy
ElectronicArts,Security,Security
ElectronicArts,SMSTerms,SMSTerms
ElectronicFrontierFoundation,PrivacyPolicy,PrivacyPolicy
EncyclopediaBritannica,PrivacyPolicy,PrivacyPolicy
EncyclopediaBritannica,TermsofUse,Term of Use
EpicGames,EnableMultiFactorAuthent,Enable Multi-Factor Authentication
EpicGames,FanContentPolicy,FanContentPolicy
EpicGames,PrivacyPolicy,PrivacyPolicy
EpicGames,TermsofService,Term of Service
Ethereum,CookiePolicy,CookiePolicy
Ethereum,PrivacyPolicy,PrivacyPolicy
Ethereum,TermsofUse,Term of Use
Etsy,CookiesandSimilarTechnolog,Cookies and Similar Technologies
Etsy,PrivacyPolicy,PrivacyPolicy
Etsy,TermsofUse,Term of Use
Etsy,TermsofUseupdated,Term of Use updated
Euronews,Cookiesandprivacypolicy,Cookies and privacy policy
Euronews,TermsandConditions,Terms and Conditions
Eventbrite,CookieStatement,CookieStatement
Eventbrite,PrivacyPolicy,PrivacyPolicy
Eventbrite,TermsofService,TermsofService
EVEOnline,EVEOnlineCookies,Legal Notice
EVEOnline,EVEOnlineEndUserLicen,EVEOnline End User License
EVEOnline,EVEOnlinePrivacyPolicy,EVEOnline Privacy Policy
EVEOnline,EVEOnlineTermsofService,EVEOnline Term of Service
Evernote,EvernoteDataUsage,Evernote Data Usage
Evernote,PrivacyPolicy,PrivacyPolicy
Evernote,TermsofService,Term of Service
Facebook,CookiePolicy,CookiePolicy
Facebook,DataPolicy,DataPolicy
Facebook,PrivacyBasics,Privacy Basics
Facebook,TermsofService,Term of Service
Facebook,WhatinformationdoesFaceb,What information does Faceb
Factorio,PRIVACYPOLICY,PRIVACY POLICY
Factorio,TERMSOFSERVICE,Terms of Service
FairVote,PrivacyPolicy,PrivacyPolicy
FairVote,TermsofUse,Term of Use
FamilySearch,PrivacyNotice,PrivacyNotice
FamilySearch,TermsofUse,Term of Use
Fandango,CookiesandTracking,Cookies and Tracking
Fandango,DoNotSellMyInfo,Do Not Sell My Info
Fandango,PrivacyPolicy,PrivacyPolicy
Fandango,TermsofUse,Term of Use
Fandom,PrivacyPolicy,PrivacyPolicy
Fandom,TermsofUse,Term of Use
FanFiction,CookiesPolicy,CookiesPolicy
FanFiction,PrivacyPolicy,PrivacyPolicy
FanFiction,TermsofService,Term of Service
FederalTradeCommission,PrivacyPolicy,PrivacyPolicy
FeedingAmerica,DonorPrivacyPolicy,Donor Privacy Policy
FeedingAmerica,PrivacyPolicy,PrivacyPolicy
FIFA,CookiePolicy,CookiePolicy
FIFA,PrivacyPolicy,PrivacyPolicy
FIFA,TermsofService,Term of Service
Figma,Privacypolicy,Privacypolicy
Figma,TermsofService,Term of Service
Fitbit,CookiesandSimilarTechnol,CookiesandSimilarTechnol
Fitbit,PrivacyPolicy,PrivacyPolicy
Fitbit,TermsofService,Term of Service
Fiverr,PrivacyPolicy,PrivacyPolicy
Fiverr,TermsofService,Term of Service
Flickr,AdditionalTermsofService,Additional Term of Service
Flickr,CommunityGuidelines,CommunityGuidelines
Flickr,CommunityGuidelinesApri,Community Guidelines Apri
Flickr,CookiesPolicyAugust19t,Cookies Policy August 19t
Flickr,DataProcessingPolicyDa,Data Processing Policy Data
Flickr,FlickrPrivacyPolicy,Flickr Privacy Policy
Flickr,PolicyonCookies,Policy on Cookies
Flickr,PrivacyPolicyApril3th,Privacy Policy April 3rd
Flickr,PrivacyPolicyJanuary2,Privacy Policy January 2
Flickr,TermsandConditionsofUse,Terms and Conditions of Use
Flickr,TermsofServiceApril3,Term of Service April 3
Flipkart,PrivacyPolicy,PrivacyPolicy
Flipkart,TermsofService,Term of Service
Flipkart,TermsofService,Term of Service
FoodandDrugAdministration,PrivacyPolicy,PrivacyPolicy
FoodLion,LegalTermsandConditions,Legal term and conditions
FoodLion,PrivacyStatement,PrivacyStatement
FootLocker,EuropeCookiePolicyEnglish,Europe Cookie Policy English
FootLocker,EuropePrivacyStatementE,EuropePrivacyStatement
FootLocker,TermsandConditionsEnglish,Terms and Conditions English
Forbes,PrivacyStatement,PrivacyStatement
Forbes,TermsandConditions,Terms and Conditions
Foursquare,CCPA,Legal Notice
Foursquare,Cookiepolicy,Cookiepolicy
Foursquare,PrivacyPolicy,PrivacyPolicy
Foursquare,TermsofUse,Term of Use
FoxNews,ClosedCaptioningPolicy,Legal Notice
FoxNews,DoNotSellMyPersonalInf,Do Not Sell My Personal Information
FoxNews,PrivacyPolicy,PrivacyPolicy
FoxNews,TermsofUse,Term of Use
FreeSoftwareFoundation,DMCANotice,Legal Notice
FreeSoftwareFoundation,PrivacyPolicy,PrivacyPolicy
FTX,PrivacyPolicy,PrivacyPolicy
FTX,TermsofService,Term of Service
Garmin,PrivacePolicyUSA,PrivacyPolicyUSA
Garmin,TermsofUseUSA,Term of Use USA
GatherTown,DataProcessingAgreement,DataProcessingAgreement
GatherTown,PrivacyPolicy,PrivacyPolicy
GatherTown,TermsofService,Term of Service
GeneralMills,CookiePolicy,CookiePolicy
GeneralMills,PrivacyPolicy,PrivacyPolicy
GeneralMills,Terms,Terms
GenshinImpact,PrivacyPolicy,PrivacyPolicy
GenshinImpact,TermsofService,Term of Service
GettyImages,ImagesContentLicenseAgre,Images Content License Agreement
GettyImages,Privacypolicy,Privacy policy
GettyImages,TermsofUse,Term of Use
GirlsWhoCode,PrivacyPolicy,PrivacyPolicy
GirlsWhoCode,TermsofUse,Term of Use
GitHubandGlobalPrivacyControl,PrivacyPolicy,PrivacyPolicy
GitHubandGlobalPrivacyControl,Security,Security
GitHubandGlobalPrivacyControl,TermsofService,TermsofService
GitLab,PrivacyPolicy,PrivacyPolicy
GitLab,WebsiteTermsofUse,Website Term of Use
Glassdoor,PrivacyandCookiePolicy,Privacy and Cookie Policy
GoDaddy,CookiePolicy,CookiePolicy
GoDaddy,DomainNameProxyAgreement,Domain Name Proxy Agreement
GoDaddy,DomainNameRegistrationAg,DomainNameRegistrationAg
GoDaddy,PrivacyPolicy,PrivacyPolicy
GoDaddy,UniformDomainNameDispute,Uniform Domain Name Dispute
GoDaddy,UniversalTermsOfService,Universal Terms of Service
Goodreads,CookieNotice,CookieNotice
Goodreads,PrivacyPolicy,PrivacyPolicy
Goodreads,TermsofService,Term of Service
GoogleAnalytics,GoogleAnalyticsTermsofS,Google Analytics Term of Service
GoogleAnalytics,GooglePrivacyPolicy,Google Privacy Policy
GoogleAnalytics,PolicyrequirementsforGoo,Policy Requirements
GoogleChrome,GoogleChromePrivacyWhit,Google Chrome Privacy Waiver
GooglePay,PrivacyNotice,LegalNotice
Google,PrivacyPolicy,PrivacyPolicy
Google,TermsofService,Term of Service
GOVUK,Cookies,Cookies
GOVUK,Privacynotice,PrivacyNotice
GOVUK,Termsandconditions,Terms and conditions
Grammarly,PrivacyPolicy,PrivacyPolicy
Grammarly,TermsofServiceandLicens,Term of Service and License
GreatWolfResorts,CookiePolicy,CookiePolicy
GreatWolfResorts,PrivacyPolicyandTermsand,Privacy Policy and Term and Conditions
GrubHub,DataprivacyatGrubhub,DataprivacyatGrubhub
GrubHub,PrivacyPolicy,PrivacyPolicy
GrubHub,TermsOfUse,Terms of Use
GSK,Cookiepolicy,Cookiepolicy
GSK,Legalnotices,Legal notices
GSK,PrivacyNotice,PrivacyNotice
GSK,Termsofuse,Term of Use
Habbo,PrivacyPolicy,PrivacyPolicy
Habbo,TermsofService,Term of Service
HackerNews,HackerNewsGuidelines,HackerNewsGuidelines
HackerNews,PrivacyPolicy,PrivacyPolicy
HackerNews,TermsofUse,Term of Use
HackerRank,PrivacyPolicy,PrivacyPolicy
HackerRank,TermsofService,Term of Service
Hallmark,CROWNMEDIAFAMILYNETWORK,Legal Notice
Hallmark,HallmarkBusinessConnectio,Legal Notice
Hallmark,HallmarkPrivacyandSecurity,Legal Notice
Hallmark,PrivacyPolicy,PrivacyPolicy
Hallmark,TERMSOFUSE,Terms of Use
Hallmark,TermsofUseandTermsofSale,Term of Use and Sale Terms
Handshake,Privacypolicy,PrivacyPolicy
Handshake,TermsofService,Term of Service
HBOMax,TermsofUse,Term of Use
HBO,PrivacyPolicy,PrivacyPolicy
HBO,TermsofUse,Term of Use
Hearst,PrivacyNotice,PrivacyNotice
Hearst,TermsofUse,Term of Use
Herbalife,PrivacyPolicy,PrivacyPolicy
Herbalife,TermsofUse,Term of Use
Heroku,AcceptableUsePolicy,Acceptable Use Policy
Heroku,MasterSubscriptionAgreement,Master Subscription Agreement
Heroku,PrivacyStatement,PrivacyStatement
Heroku,TermsofService,Term of Service
Hertzcarsales,PRIVACYSTATEMENT,PRIVACYSTATEMENT
Hertzcarsales,TERMSANDCONDITIONSOFUSE,Terms and Condition of Use
HillshireFarm,TERMSOFUSE,Terms of Use
hinge,CookiePolicy,CookiePolicy
hinge,PrivacyPolicy,PrivacyPolicy
hinge,Terms,Terms
Honeywell,CookieNotice,CookieNotice
Honeywell,CookieNotice,Cookie Notice
Honeywell,CookieNotice,CookieNotice
Honeywell,CookieNotice,Cookie Notice
Honeywell,PrivacyStatement,PrivacyStatement
Honeywell,PrivacyStatement,PrivacyStatement
Honeywell,PrivacyStatement,PrivacyStatement
Honeywell,Terms,Terms
Honey,PrivacyPolicy,PrivacyPolicy
Hostelworld,CookiesPolicy,CookiesPolicy
Hostelworld,PrivacyPolicy,PrivacyPolicy
Hostelworld,TermsandConditions,Terms and Conditions
HowToGeek,PrivacyPolicy,PrivacyPolicy
HowToGeek,TermsofService,Term of Service
HPHewlettPackard,CookiePolicy,CookiePolicy
HPHewlettPackard,LimitedWarranty,Limited Warranty
HPHewlettPackard,PersonalDataRights,Personal Data Rights
HPHewlettPackard,PrivacyStatement,PrivacyStatement
HPHewlettPackard,ProductRecalls,Product Recalls
HPHewlettPackard,TermsofUse,Term of Use
HuaweiCentral,CopyrightPolicy,CopyrightPolicy
HuaweiCentral,PrivacyPolicy,PrivacyPolicy
Huawei,CookiesPolicy,CookiesPolicy
Huawei,PrivacyPolicy,PrivacyPolicy
Huawei,TermsofUse,Term of Use
HubSpot,AcceptableUsePolicy,Acceptable Use Policy
HubSpot,CookiePolicy,CookiePolicy
HubSpot,DataProcessingAgreement,DataProcessingAgreement
HubSpot,JurisdictionSpecificTerms,JurisdictionSpecificTerms
HubSpot,PrivacyPolicy,PrivacyPolicy
HubSpot,ProductPrivacyPolicy,ProductPrivacyPolicy
HubSpot,ProductSpecificTerms,ProductSpecificTerms
HubSpot,WebsiteTermsofUse,Website Term of Use
HuffPost,PrivacyPolicy,PrivacyPolicy
HuffPost,TermsofService,Term of Service
HughesNet,HughesWebsitePrivacyPolicy,Hughes Website Privacy Policy
HughesNet,HughesWebsiteTermsofUse,Hughes Website Term of Use
Hulu,PrivacyPolicy,PrivacyPolicy
Hulu,TermsofUse,Term of Use
HumanRightsFoundation,PrivacyPolicy,PrivacyPolicy
IBM,Privacy,Privacy
IBM,TermsofService,Term of Service
ICANN,Cookiespolicy,Cookiespolicy
ICANN,Privacypolicy,Privacy policy
ICANN,Termsofservice,Term of Service
iCloud,CanadaEnglishTermsand,Legal Notice
iCloud,iCloudsecurityoverview,iCloud security overview
iCloud,Privacypolicy,Privacy policy
iCloud,TermsofServiceEU,Term of Service EU
iCloud,TermsofServiceUS,Term of Service US
iFixit,Privacy,Privacy
iFixit,TermsofUse,Term of Use
iFunny,PrivacyPolicy,PrivacyPolicy
iFunny,TermsofService,Term of Service
Ihavebeenpwned,PrivacyPolicy,PrivacyPolicy
iHeartMedia,PrivacyPolicy,PrivacyPolicy
iHeartMedia,TermsofUse,Term of Use
iHeartRadio,PrivacyPolicy,PrivacyPolicy
iHeartRadio,TermsofUse,Term of Use
IKEA,CookiePolicy,CookiePolicy
IKEA,PrivacyPolicy,PrivacyPolicy
IKEA,TermsandConditions,Terms and Conditions
IMDb,PrivacyPolicy,PrivacyPolicy
IMDb,TermsofService,Term of Service
Imgur,PrivacyPolicy,PrivacyPolicy
Imgur,TermsofService,Term of Service
Indeed,PrivacyPolicy,PrivacyPolicy
Indeed,TermsofService,Term of Service
Indeed,TermsofService,Term of Service
Instacart,PrivacyPolicy,PrivacyPolicy
Instacart,TermsofService,Term of Service
Instagram,AboutCookies,About Cookies
Instagram,CommunityGuidelines,CommunityGuidelines
Instagram,DataPolicy,DataPolicy
Instagram,LawEnforcement,Law Enforcement
Instagram,TermsofUse,Term of Use
Intel,PrivacyPolicy,PrivacyPolicy
Interfolio,CookiesPolicy,CookiesPolicy
Interfolio,PrivacyPolicy,PrivacyPolicy
Interfolio,TermsofService,Term of Service
InternetArchive,Terms,Terms
Intuit,TermsofService,Term of Service
Invisalign,PrivacyStatement,PrivacyStatement
Invisalign,TermsofUse,Term of Use
IRS,PrivacyPolicy,PrivacyPolicy
ITV,Privacynotice,Privacynotice
ITV,Terms,Terms
JackintheBox,privacy,privacy
Jacuzzi,PrivacyNotice,PrivacyNotice
Jacuzzi,TermsofService,TermsofService
JehovahsWitnesses,GlobalDataProtectionPoli,Legal Notice
JehovahsWitnesses,GlobalPolicyonUseofCoo,Global Policy on Use of Coo
JehovahsWitnesses,GlobalPolicyonUseofPer,Global Policy on Use of Per
JehovahsWitnesses,PrivacyPolicy,PrivacyPolicy
JewishSocialServicesAgency,PrivacyPolicy,PrivacyPolicy
JewishSocialServicesAgency,TermsandConditions,Terms and Conditions
JSTOR,PrivacyPolicy,PrivacyPolicy
JSTOR,TermsandConditionsofUse,Terms and Condition of Use
Jupiter,PrivacyPolicy,PrivacyPolicy
Jupiter,TermsandConditions,Terms and Conditions
Kaggle,Cookies,Cookies
Kaggle,PrivacyPolicy,PrivacyPolicy
Kaggle,TermsofUse,Term of Use
Kahoot,PrivacyPolicy,PrivacyPolicy
Kahoot,TermsandConditions,Terms and Conditions
KAYAK,PrivacyPolicy,PrivacyPolicy
KAYAK,TermsandConditions,Terms and Conditions
Kelloggs,StorePrivacyPolicy,Store Privacy Policy
Kelloggs,StoreReturnandExchangePo,Store Return and Exchange Policy
KhanAcademy,PrivacyPolicy,PrivacyPolicy
KhanAcademy,TermsofService,Term of Service
Kickstarter,CookiesandOtherTechnologies,CookiesandOtherTechnologies
Kickstarter,PrivacyPolicy,PrivacyPolicy
Kickstarter,TermsofUse,Term of Use
Kodak,Privacy,Privacy
kraftheinzcompany,PrivacyPolicy,PrivacyPolicy
kraftheinzcompany,Terms,Terms
kurzgesagt,CookiePolicy,CookiePolicy
kurzgesagt,PRIVACYPOLICY,PRIVACY POLICY
LastPass,PrivacyStatement,PrivacyStatement
LastPass,TermsofService,Term of Service
Leetcode,PrivacyPolicy,PrivacyPolicy
Leetcode,Terms,Terms
LegalZoom,PrivacyPolicy,PrivacyPolicy
LegalZoom,TermsofService,Term of Service
LegalZoom,TermsofUse,Term of Use
LEGOcom,CookiePolicy,CookiePolicy
LEGOcom,LegalNotice,Legal Notice
LEGOcom,PrivacyPolicy,PrivacyPolicy
Lenovo,ExternalSubmissionPolicy,ExternalSubmissionPolicy
Lenovo,PrivacyStatementProduct,Privacy Statement Product
Lenovo,PrivacyStatementWebsite,Privacy Statement Website
Lenovo,TermsofUse,Term of Use
LibreOffice,PrivacyPolicy,PrivacyPolicy
Lichess,AboutLichess,About League
Lichess,PrivacyPolicy,PrivacyPolicy
Lichess,TermsofService,Term of Service
Lifehack,PrivacyPolicy,PrivacyPolicy
Lifehack,TermsandConditions,Terms and Conditions
LineageOS,LegalTermsofServiceandPr,Legal Term of Service and Pr
LinkedIn,CookiePolicy,CookiePolicy
LinkedIn,DoNotTrackPolicy,DoNotTrackPolicy
LinkedIn,PrivacyPolicy,PrivacyPolicy
LinkedIn,TermsofService,Term of Service
Linksys,CookiePolicy,CookiePolicy
Linksys,EndUserLicenseAgreement,End User License Agreement
Linksys,PrivacyPolicy,PrivacyPolicy
Linktree,PrivacyPolicy,PrivacyPolicy
Linktree,TermsandConditions,Terms and Conditions
LinuxMint,PrivacyandCookiesPolicy,Privacy and Cookies Policy
lionsgate,privacypolicy,privacypolicy
lionsgate,TermsOfUse,Terms of Use
LittleCaesars,PrivacyPolicy,PrivacyPolicy
LittleCaesars,TermsofService,Term of Service
Logitech,CookiePolicy,CookiePolicy
Logitech,ProductPrivacyPolicy,Product Privacy Policy
Logitech,Returnsandcancellations,Returns and Cancellations
Logitech,TermsofUse,Term of Use
Logitech,WebPrivacyPolicy,Web Privacy Policy
Lulu,PrivacyPolicy,PrivacyPolicy
Lulu,TermsofUse,Term of Use
LumenCenturyLink,AcceptableUsePolicy,AcceptableUsePolicy
LumenCenturyLink,CaliforniaPrivacyRights,California Privacy Rights
LumenCenturyLink,GDPRCompliance,GDPR Compliance
LumenCenturyLink,InternetServiceDisclosure,Internet Service Disclosure
LumenCenturyLink,LawEnforcementSupport,Legal Notice
LumenCenturyLink,OnlineSecurity,Online Security
LumenCenturyLink,PaymentAgreement,PaymentAgreement
LumenCenturyLink,PeeringPolicy,Legal Notice
LumenCenturyLink,WebsiteUserAgreement,WebsiteUserAgreement
Lumen,Privacy,Privacy
lyft,PrivacyPolicy,PrivacyPolicy
lyft,TermsofService,TermsofService
MacRumors,PrivacyandDataPolicy,Privacy and Data Policy
Macys,Noticeofprivacypractices,Notice of Privacy Practices
Magoosh,PrivacyPolicy,PrivacyPolicy
Magoosh,TermsofUse,Term of Use
Mailchimp,AcceptableUsePolicy,AcceptableUsePolicy
Mailchimp,AdditionalTerms,"String: LegalNotice
Cleaned: Legal Notice"
Mailchimp,APIUsePolicy,APIUsePolicy
Mailchimp,CookieStatement,CookieStatement
Mailchimp,CopyrightandTrademarkPol,Copyright and Trademark Policy
Mailchimp,PrivacyPolicy,PrivacyPolicy
Mailchimp,TermsofUse,Term of Use
MajorLeagueSoccer,TermsofService,Term of Service
Malwarebytes,EULA,EULA
Malwarebytes,PrivacyPolicy,PrivacyPolicy
Malwarebytes,TermsofService,Term of Service
MapQuest,PrivacyPolicy,PrivacyPolicy
MapQuest,TermsofUse,Term of Use
Marvell,PrivacyStatement,PrivacyStatement
Marvell,TermsofUse,Term of Use
mastodonsocial,CodeofConduct,Code of Conduct
mastodonsocial,PrivacyPolicy,PrivacyPolicy
mastodonsocial,TermsofService,Term of Service
MathsIsFun,PrivacyStatement,PrivacyStatement
MayoClinic,PrivacyPolicy,PrivacyPolicy
MayoClinic,TermsandConditions,Terms and Conditions
McAfee,CookieNotice,CookieNotice
McAfee,LicenseAgreement,LicenseAgreement
McAfee,PrivacyNotice,PrivacyNotice
McAfee,ProductTermsofService,Product Term of Service
McAfee,SubprocessorslistINCOMP,Subprocessors List Incomplete
McAfee,WebsiteTermsofService,Website Term of Service
McDonalds,PrivacyPolicy,PrivacyPolicy
McDonalds,TermsandConditions,Terms and Conditions
McGrawHillEducation,ConsumerPurchaseTerms,Consumer Purchase Terms
McGrawHillEducation,CustomerPrivacyPolicy,Customer Privacy Policy
McGrawHillEducation,TermsofService,Term of Service
McGrawHillEducation,TermsofUse,Term of Use
McGrawHillEducation,UserContentSubmissionAgr,User Content Submission Agreement
McGrawHill,PrivacyNotice,PrivacyNotice
McGrawHill,TermsofUse,Term of Use
Medium,CopyrightandDMCAPolicy,Copyright and DMCA Policy
Medium,DoNotTrackPolicy,Do Not Track Policy
Medium,PrivacyPolicy,PrivacyPolicy
Medium,TermsofService,Term of Service
Medscape,CookiePolicy,CookiePolicy
Medscape,PrivacyPolicy,PrivacyPolicy
Medscape,TermsofUse,Term of Use
MerriamWebster,PrivacyPolicy,PrivacyPolicy
MerriamWebster,TermsofUse,Term of Use
MicrosoftServices,21983MicrosoftServic,Legal Notice
MicrosoftServices,21983MicrosoftServic,Legal Notice
MicrosoftServices,MicrosoftSkypeLegalState,Microsoft Skype Legal State
MicrosoftServices,PrivacyStatement,PrivacyStatement
MicrosoftServices,PrivacyStatement,PrivacyStatement
MicrosoftServices,PrivacyStatement,PrivacyStatement
MicrosoftServices,PrivacyStatement,PrivacyStatement
MicrosoftServices,ServicesAgreement,Services Agreement
MicrosoftServices,ServicesAgreement,Services Agreement
MicrosoftServices,TermsofUse,Term of Use
MicrosoftStore,PrivacyStatement,PrivacyStatement
MicrosoftStore,PrivacyStatement,PrivacyStatement
MicrosoftStore,PrivacyStatement,PrivacyStatement
MicrosoftStore,PrivacyStatement,PrivacyStatement
MicrosoftStore,TermsofSale,Term of Sale
MicrosoftStore,TermsofUse,Term of Use
Minecraft,PrivacyPolicy,PrivacyPolicy
Minecraft,PrivacyPolicy,PrivacyPolicy
Minecraft,PrivacyPolicy,PrivacyPolicy
Minecraft,PrivacyPolicy,PrivacyPolicy
Minecraft,ServicesAgreement,Services Agreement
Minecraft,ServicesAgreement,Services Agreement
Miniclip,CookiePolicy,CookiePolicy
Miniclip,PRIVACYPOLICY,PRIVACY POLICY
Miniclip,TermsandConditions,Terms and Conditions
MintMobile,AcceptableUsePolicy,Acceptable Use Policy
MintMobile,PrivacyPolicy,PrivacyPolicy
MintMobile,ReturnPolicy,ReturnPolicy
MintMobile,TermsandConditions,Terms and Conditions
mint,LegalInformationIntuit,Legal Information Intuit
mint,TermsofService,Term of Service
MITTechnologyReview,CookieStatement,CookieStatement
MITTechnologyReview,PrivacyPolicy,PrivacyPolicy
MITTechnologyReview,TermsofService,TermsofService
Moderna,PrivacyPolicy,PrivacyPolicy
Moderna,TermsandConditionsofUse,Terms and Conditions of Use
MondelezInternational,CookiesNotice,Cleaned: Cookie Notice
MondelezInternational,PrivacyPolicy,PrivacyPolicy
MondelezInternational,TermsofUse,Term of Use
Moodle,CookiesPolicy,CookiesPolicy
Moodle,PrivacyNotice,PrivacyNotice
MorningBrew,PrivacyPolicy,PrivacyPolicy
MorningBrew,TermsofService,TermsofService
Motorola,PrivacyPolicy,PrivacyPolicy
Motorola,ProductPrivacyPolicy,Product Privacy Policy
Motorola,TermsofSale,Term of Sale
Mozillaorg,Mozillaworkplacetransiti,MozillaworkplaceTransition
Mozillaorg,Privacypolicy,Privacypolicy
Mozillaorg,WebsitePrivacypolicy,Website Privacy Policy
MozillaPersona,Troy,Troy
MozillaThunderbird,PrivacyPolicy,PrivacyPolicy
MozillaVPN,MozillaVPNPrivacyNotice,Mozilla VPN Privacy Notice
MozillaVPN,MozillaVPNTermsofService,Mozilla VPN Terms of Service
Myspace,PrivacyPolicy,PrivacyPolicy
Myspace,TermsofService,Term of Service
NakedJuiceCompany,PRIVACYPOLICY,PRIVACY POLICY
NakedJuiceCompany,TermsofUse,Term of Use
Namecoin,Privacypolicy,Privacypolicy
Namecoin,Termsofuse,Term of use
NATIONALCENTERFORMISSINGandEXPLOITEDCHILDREN,TERMSANDCONDITIONSANDPR,Terms and Conditions and
NationalDomesticViolenceHotline,PrivacyPolicy,PrivacyPolicy
NationalGeographic,CodeofEthics,Code of Ethics
NationalGeographic,PrivacyPolicy,PrivacyPolicy
NationalGeographic,SustainabilityPolicy,SustainabilityPolicy
NationalGeographic,TermsofService,Term of Service
NationalHockeyLeagueNHLcom,TermsofService,Term of Service
NationalHockeyLeagueNHLcom,TermsofService,Term of Service
NationalRetailFederation,CookiePolicy,CookiePolicy
NationalRetailFederation,PrivacyPolicy,PrivacyPolicy
NationalRetailFederation,TermsandConditions,Terms and Conditions
Nature’sBounty,PrivacyPolicy,PrivacyPolicy
Nature’sBounty,TermsofUse,Term of Use
NBCNews,CookiePolicy,CookiePolicy
NBCNews,PrivacyPolicy,PrivacyPolicy
NBCNews,TermsofService,Term of Service
Nebula,PrivacyPolicy,PrivacyPolicy
Nebula,TermsofService,Term of Service
NerdWallet,PrivacyPolicy,PrivacyPolicy
NerdWallet,TermsofUse,Term of Use
Nestlé,TermsandConditions,Terms and Conditions
Netflix,PrivacyStatement,PrivacyStatement
Netflix,TermsofUse,Term of Use
Neweggcom,PrivacyPolicy,PrivacyPolicy
Newgrounds,PrivacyPolicy,PrivacyPolicy
Newgrounds,TermsOfUse,Terms of Use
NewMexicoStateUniversity,PrivacyPolicy,PrivacyPolicy
Newsweek,CookiePolicy,CookiePolicy
Newsweek,PrivacyPolicy,PrivacyPolicy
Newsweek,TermsandConditions,Terms and Conditions
Newsweek,TermsofSale,Term of Sale
NewYorkTimes,PrivacyPolicy,PrivacyPolicy
NewYorkTimes,TermsofService,Term of Service
NextdoorNeighborhoods,MemberAgreement,Member Agreement
NextdoorNeighborhoods,PrivacyPolicy,PrivacyPolicy
Niche,CookiePolicy,CookiePolicy
Niche,PrivacyPolicy,PrivacyPolicy
Nike,PRIVACYPOLICY,PRIVACY POLICY
Nike,TERMSOFSALE,TERMSOFSALE
Nike,TERMSOFUSE,Terms of Use
Nintendo,CodeofConduct,Code of Conduct
Nintendo,CookiesandInterestBasedAd,Cookies and Interest-Based Advertising
Nintendo,IntellectualPropertyPolicy,IntellectualProperty Policy
Nintendo,NintendoAccountUserAgree,Nintendo Account User Agreement
Nintendo,NintendoTechSupportForum,Nintendo Tech Support Forum
Nintendo,PrivacyPolicy,PrivacyPolicy
Nintendo,TermsofUse,Term of Use
Nokia,Cookies,Cookies
Nokia,HMDGlobalPrivacyPortal,Legal Notice
Nokia,UserAgreement,User Agreement
NordVPN,PrivacyPolicy,PrivacyPolicy
NordVPN,TermsofService,Term of Service
NortonLifeLock,NortonPrivacyEnglish,Norton Privacy English
NortonLifeLock,PrivacyStatement,PrivacyStatement
NortonLifeLock,TermsofSale,Term of Sale
NortonLifeLock,TermsofUse,Term of Use
NortonLifeLock,WebsiteTermsofUse,Website Terms of Use
NortonSafeWeb,CookiesandThirdPartyAna,Legal Notice
NortonSafeWeb,DataProtectionAgreements,Data Protection Agreements
NortonSafeWeb,LicensingandServicesAgre,Licensing and Services Agreement
NortonSafeWeb,NortonLifeLockGlobalPriva,Norton Life Lock Global Privacy
NortonSafeWeb,NortonLifeLockProductan,Norton LifeLock Product An
NortonSafeWeb,TERMSOFSALE,TERMSOFSALE
Notion,GDPRCompliance,GDPR Compliance
Notion,PrivacyPolicy,PrivacyPolicy
Notion,TermsandConditions,Terms and Conditions
NPR,PrivacyPolicy,PrivacyPolicy
Ntegra,CookiePolicy,CookiePolicy
Ntegra,PrivacyPolicy,PrivacyPolicy
Ntegra,TermsandConditions,Terms and Conditions
Nvidia,CookiePolicy,CookiePolicy
Nvidia,KidsPrivacyPolicy,Kids Privacy Policy
Nvidia,PrivacyPolicy,PrivacyPolicy
Nvidia,ProductsandServicesPriva,Products and Services Priva
OccupyDemocrats,PrivacyPolicy,PrivacyPolicy
Oculus,OculusCookiePolicy,Oculus Cookie Policy
Oculus,SupplementalOculusDataPo,Supplemental Oculus Data Policy
Oculus,SupplementalOculusTermso,Supplemental Oculus Terms
Ofcom,Cookiespolicy,Cookiespolicy
Ofcom,PrivacyStatement,PrivacyStatement
Ofcom,Termsofuse,Term of use
Okta,CookiePolicy,CookiePolicy
Okta,PrivacyPolicy,PrivacyPolicy
Okta,Security,Security
Okta,TermsofService,Term of Service
OnlyFans,PrivacyPolicy,PrivacyPolicy
OnlyFans,TermsofService,Term of Service
OpenAI,PrivacyPolicy,PrivacyPolicy
OpenAI,ServiceTerms,Service Terms
OpenAI,SharingandPublicationPolicy,SharingandPublicationPolicy
OpenAI,TermsofUse,Term of Use
OpenStreetMap,PrivacyPolicy,PrivacyPolicy
OpenStreetMap,TermsofService,Term of Service
Opera,CookiePolicy,CookiePolicy
Opera,PrivacyPolicy,PrivacyPolicy
Opera,TermsofService,Term of Service
Oregon,TermsandConditions,Terms and Conditions
osu,copyrightpolicy,copyrightpolicy
osu,PrivacyPolicy,PrivacyPolicy
osu,termsofservice,termsofservice
OurWorldInData,LegalDisclaimer,LegalDisclaimer
OurWorldInData,PrivacyPolicy,PrivacyPolicy
Overleaf,TermsofService,Term of Service
Pacer,PrivacyPolicy,PrivacyPolicy
Pacer,TermsofService,Term of Service
Pandora,9DayPremiumTrialCodeT,Legal Notice
Pandora,CommunityandContentPolicy,CommunityandContentPolicy
Pandora,IntellectualPropertyPolicy,Intellectual Property Policy
Pandora,PandoraSubscriptionTerms,Pandora Subscription Terms
Pandora,Termsofuse,Term of use
Panera,PrivacyPolicy,PrivacyPolicy
Panera,TermsofUse,Term of Use
Panopto,PrivacyPolicy,PrivacyPolicy
Panopto,TermsofService,Term of Service
Parler,CommunityGuidelines,CommunityGuidelines
Parler,PrivacyPolicy,PrivacyPolicy
Parler,TermsofService,Term of Service
Pastebin,CookiesPolicy,CookiesPolicy
Pastebin,PrivacyStatement,PrivacyStatement
Pastebin,TermsofService,Term of Service
Patreon,CommunityGuidelines,CommunityGuidelines
Patreon,CookiePolicy,CookiePolicy
Patreon,SecurityPolicy,SecurityPolicy
Patreon,TermsofUse,Term of Use
PayPal,COMMERCIALENTITYAGREEMENT,COMMERCIAL ENTITY AGREEMENT
PayPal,CookieStatement,CookieStatement
PayPal,EbayBillingAgreement,Ebay Billing Agreement
PayPal,InfringementReportPolicy,Infringement Report Policy
PayPal,PayPalAcceptableUsePolicy,PayPalAcceptableUsePolicy
PayPal,PayPalReceiveFundsandAu,PayPal Receive Fund and Au
PayPal,PayPalShopsPolicy,PayPal Shops Policy
PayPal,PolicyUpdates,Policy Updates
PayPal,PrivacyPolicy,PrivacyPolicy
PayPal,PrivacyStatement,PrivacyStatement
PayPal,UserAgreementEU,User Agreement EU
PayPal,UserAgreementforPayPalS,User Agreement for PayPal
PayPal,UserAgreementUS,User Agreement US
pcworld,AffiliateLinkPolicy,AffiliateLink Policy
pcworld,CookiePolicy,CookiePolicy
pcworld,privacypolicy,privacypolicy
PennsylvaniaStateUniversity,AccessibilityStatement,AccessibilityStatement
PennsylvaniaStateUniversity,HumanResourcesPolicies,Human Resources Policies
PennsylvaniaStateUniversity,WebPrivacyStatement,Web Privacy Statement
Pepsi,PRIVACYPOLICY,PRIVACY POLICY
Pfizer,PrivacyPolicy,PrivacyPolicy
Pfizer,TERMSOFUSE,Terms of Use
PhilipMorrisInternational,CookieNotice,Cookie Notice
PhilipMorrisInternational,PrivacyNotice,PrivacyNotice
PhilipMorrisInternational,TermsofUse,Term of Use
PhilipMorrisUSA,Privacy,Privacy
PhilipMorrisUSA,TermsofUse,Term of Use
Piazza,CopyrightPolicy,CopyrightPolicy
Piazza,FERPACompliance,FERPACompliance
Piazza,PrivacyPolicy,PrivacyPolicy
Piazza,TermsofService,Term of Service
PinkFloyd,PrivacyPolicy,PrivacyPolicy
Pinterest,PersonalizationandDataHe,Personalization and Data Handling
Pinterest,Privacypolicy,Privacypolicy
Pinterest,TermsofService,Term of Service
PIP,CookieDeclaration,CookieDeclaration
PIP,PrivacyPolicy,PrivacyPolicy
Pixilart,PrivacyPolicy,PrivacyPolicy
Pixilart,TermsofUse,Term of Use
Plaid,PrivacyandSecurity,Privacy and Security
Plaid,PrivacyandSecurity,PrivacyandSecurity
Playmobil,PrivacyPolicy,PrivacyPolicy
Playmobil,Terms,Terms
PlayStationNetworkServices,CancellationPolicy,CancellationPolicy
PlayStationNetworkServices,Cookies,Cookies
PlayStationNetworkServices,PlayStationNetworkTermso,PlayStation Network Terms
PlayStationNetworkServices,PrivacyPolicy,PrivacyPolicy
PlayStationNetworkServices,PSNowUsageTerms,PSNowUsageTerms
PlayStationNetworkServices,PSPlusUsageTerms,PS Plus Usage Terms
PlayStationNetworkServices,VideoUsageRestrictions,VideoUsageRestrictions
PlayStationNetworkServices,WebsiteTermsofUse,Website Term of Use
PlutoLabsInc,PrivacyPolicy,PrivacyPolicy
PlutoLabsInc,TermsofService,Term of Service
PlutoTV,CookiePolicy,CookiePolicy
PlutoTV,PrivacyPolicy,PrivacyPolicy
PlutoTV,TermsofUse,Term of Use
PNAS,TermsandPrivacyPolicy,Terms and Privacy Policy
Pornhub,DMCANoticeOfCopyrightIn,Legal Notice
Pornhub,PrivacyPolicy,PrivacyPolicy
Pornhub,TermsandConditions,Terms and Conditions
Poshmark,PrivacyPolicy,PrivacyPolicy
Poshmark,TERMSOFSERVICE,Terms of Service
PragerUniversity,PrivacyPolicy,PrivacyPolicy
PragerUniversity,TermsandConditions,Terms and Conditions
PragerUniversity,UNIFORMDISCLOSURESTATEMENT,UNIFORM DISCLOSURE STATEMENT
Prezi,CookiePolicy,CookiePolicy
Prezi,EULA,EULA
Prezi,IntellectualPropertyRight,Intellectual Property Right
Prezi,PrivacyPolicy,PrivacyPolicy
Prezi,Security,Security
Prezi,TermsofUse,Term of Use
ProjectEuler,PrivacyPolicy,PrivacyPolicy
ProjectGutenberg,TermsofUse,Term of Use
ProtonVPN,DoesProtonVPNstoreuseri,Does ProtonVPN store user information?
ProtonVPN,PrivacyPolicy,PrivacyPolicy
ProtonVPN,TermsandConditionsofSer,Terms and Conditions of Ser
PublicBroadcastingService,Privacy,Privacy
PublicBroadcastingService,TermsofUse,Term of Use
PublishersClearingHouse,PrivacyPolicy,PrivacyPolicy
PublishersClearingHouse,Terms,Terms
Punkt,CookiesDeclaration,CookiesDeclaration
Punkt,DataProtectionPolicy,Data Protection Policy
Punkt,LegalNotice,Legal Notice
Punkt,PigeonPrivacyPolicy,Pigeon Privacy Policy
Punkt,TermsandConditionsofSale,Terms and Conditions of Sale
pymetrics,PrivacyPolicy,PrivacyPolicy
Python,PrivacyPolicy,PrivacyPolicy
Qualtrics,PrivacyStatement,PrivacyStatement
Qualtrics,SecurityStatement,SecurityStatement
Qualtrics,TermsofService,Term of Service
QuickBooks,IntuitTermsofServiceUSA,Intuit Term of Service USA
QuickBooks,PrivacyStatement,PrivacyStatement
Quicken,PrivacyStatement,PrivacyStatement
Quicken,TermsofUse,Term of Use
Quizlet,CookiePolicy,CookiePolicy
Quizlet,DMCA,LegalNotice
Quizlet,PrivacyPolicy,PrivacyPolicy
Quizlet,TermsofService,Term of Service
Quora,PrivacyPolicy,PrivacyPolicy
Quora,TermsofService,Term of Service
Racingcom,PrivacyPolicy,PrivacyPolicy
Racingcom,ResponsibleWageringStatement,Responsible Wagering Statement
Racingcom,TermsandConditions,Terms and Conditions
RainforestAlliance,PrivacyPolicy,PrivacyPolicy
RakutenAdvertising,CookiePolicy,CookiePolicy
RakutenAdvertising,GDPR,GDPR
RakutenAdvertising,IntellectualPropertyPolicy,Intellectual Property Policy
RakutenAdvertising,PrivacyPolicy,PrivacyPolicy
RakutenAdvertising,WebsitePrivacyPolicy,Website Privacy Policy
Rakuten,AdvertisingDisclosure,AdvertisingDisclosure
Rakuten,AmericanExpressMembership,American Express Membership
Rakuten,BlueCashEveryday®Cardfr,BlueCashEveryday® Card
Rakuten,CaliforniaConsumerPrivacy,California Consumer Privacy
Rakuten,CardLinkedOffersTermsand,Legal Notice
Rakuten,CashBackShoppingProgram,Cashback Shopping Program
Rakuten,CreditCardExclusionsand,Legal Notice
Rakuten,ExclusionsandLimitations,Legal Notice
Rakuten,PrivacyandSecurity,PrivacyandSecurity
Rakuten,PrivacyPolicy,PrivacyPolicy
Rakuten,RakutenHotelsTermsandCond,Rakuten Hotels Terms and Conditions
Rakuten,ReferralProgramTerms,ReferralProgramTerms
Rakuten,TermsandConditions,Terms and Conditions
Rakuten,WhatDataRakutenCollects,What Data Rakuten Collects
RaspberryPiFoundation,Cookiepolicy,Cookiepolicy
RaspberryPiFoundation,privacypolicy,Privacy policy
RaspberryPi,PrivacyPolicy,PrivacyPolicy
RaspberryPi,TermsandConditionsofSale,Terms and Conditions of Sale
RationalWiki,Generaldisclaimer,Legal Notice
RationalWiki,PrivacyPolicy,PrivacyPolicy
Razer,COOKIEPOLICY,COOKIEPOLICY
Razer,GENERALTERMSOFUSE,General Terms of Use
Razer,PrivacyPolicy,PrivacyPolicy
ReadtheDocsCommunity,PrivacyPolicy,PrivacyPolicy
ReadtheDocsCommunity,TermsofService,Term of Service
Realtor,PrivacyPolicy,PrivacyPolicy
redditlol,Privacypolicy,Privacypolicy
Reddit,ContentPolicy,ContentPolicy
Reddit,PrivacyPolicy,PrivacyPolicy
Reddit,RedditUserAgreement,RedditUserAgreement
Reddit,TermsofService,Term of Service
RedGIFs,18USC2257Statement,18 USC 2257 Statement
RedGIFs,DMCACopyrightPolicy,Legal Notice
RedGIFs,RedGIFsPrivacyPolicy,Red GIF Privacy Policy
RedGIFs,TermsofService,Term of Service
RedPocket,PrivacyPolicy,PrivacyPolicy
RedPocket,TermsandConditions,Terms and Conditions
Remind,PrivacyPolicy,PrivacyPolicy
Remind,TermsofService,Term of Service
Replika,PrivacyPolicy,PrivacyPolicy
Replika,TermsofService,Term of Service
Replit,ReplitPrivacyPolicy,ReplitPrivacyPolicy
Replit,TermsandConditions,Terms and Conditions
ResearchGate,IntellectualPropertyPolicy,Intellectual Property Policy
ResearchGate,PrivacyPolicy,PrivacyPolicy
ResearchGate,TermsofService,Term of Service
Reuters,PrivacyStatementandCooki,Privacy Statement and Cookie
Reuters,TermsofUse,Term of Use
RiotGamesLeagueofLegends,CookiePolicy,CookiePolicy
RiotGamesLeagueofLegends,PrivacyNotice,Privacy Notice
RiotGamesLeagueofLegends,TermsofService,Term of Service
Roblox,ROBLOX,ROBLOX
RockstarGames,Cookies,Cookies
RockstarGames,PrivacyPolicy,PrivacyPolicy
RockstarGames,TermsofService,Term of Service
RoyalDutchShell,Cookiepolicy,Cookiepolicy
RoyalDutchShell,Privacynotices,Privacynotices
RoyalDutchShell,Termsandconditions,Terms and conditions
RoyalSocietyofChemistry,PrivacyPolicy,PrivacyPolicy
RoyalSocietyofChemistry,TermsofService,TermsofService
RSS,PrivacyPolicy,PrivacyPolicy
RTLGroup,Termsofuse,Term of use
RT,RTprivacypolicy,Legal Notice
RT,TermsofUse,Term of Use
RTÉ,PrivacyPolicy,PrivacyPolicy
RTÉ,TermsandConditions,Terms and Conditions
Ryanair,cookiespolicy,cookiespolicy
Ryanair,PrivacyPolicy,PrivacyPolicy
Ryanair,TermsofUse,Term of Use
Safaricom,Privacypolicy,Privacypolicy
Safaricom,Termsofuse,Term of use
SagaCommunications,PrivacyPolicy,PrivacyPolicy
SagaCommunications,TermsofUse,Term of Use
Sainsburys,CookiePolicy,CookiePolicy
Sainsburys,PrivacyPolicy,PrivacyPolicy
salesforce,IntellectualProperty,Intellectual Property
salesforce,PrivacyPolicy,PrivacyPolicy
salesforce,TermsofService,TermsofService
SamsClub,PrivacyPolicy,PrivacyPolicy
SamsClub,Terms,Terms
SamsungKnox,EULA,EULA
SamsungKnox,PrivacyPolicyWeb,PrivacyPolicyWeb
SamsungKnox,SamsungKnoxProductTerms,Samsung Knox Product Terms
SamsungKnox,TermsofUse,Term of Use
Samsung,PrivacyPolicy,PrivacyPolicy
SandiaNationalLabs,PrivacyPolicyforCandidates,PrivacyPolicyforCandidates
Sanofi,privacypolicy,privacypolicy
Sanofi,Terms,Terms
Schoology,PrivacyPolicy,PrivacyPolicy
Schoology,TermsofService,Term of Service
ScientificAmerican,PrivacyPolicy,PrivacyPolicy
ScientificAmerican,TermsofUse,Term of Use
SCJohnson,PRIVACYNOTICE,PRIVACY NOTICE
SCJohnson,PRIVACYNOTICE,PRIVACY NOTICE
SCJohnson,PRIVACYNOTICE,PRIVACYNOTICE
SCJohnson,Terms,Terms
Scotiabank,DigitalPrivacyandInteres,Digital Privacy and Interest
Scotiabank,OnlineSecurityGuarantee,Online Security Guarantee
Scotiabank,PrivacyAgreement,PrivacyAgreement
Scotiabank,TermsofAccess,Term of Access
SCPWiki,PrivacyPolicy,PrivacyPolicy
SCPWiki,TermsofService,Term of Service
Scratch,DMCA,LegalNotice
Scratch,PrivacyPolicy,PrivacyPolicy
Scratch,PrivacyPolicyFebruary14,Privacy Policy February 14
Scratch,ScratchCommunityGuidelines,ScratchCommunityGuidelines
Scratch,TermsofUse,Term of Use
Shadow,Cookie,Cookie
Shadow,LegalInformation,Legal Information
Shadow,Privacypolicy,Privacy policy
Shadow,TermsofUse,Term of Use
Shopify,AcceptableUsePolicy,Acceptable Use Policy
Shopify,CookieandConsumerTracking,Cookie and Consumer Tracking
Shopify,CookiePolicy,CookiePolicy
Shopify,Copyrightpolicy,Copyrightpolicy
Shopify,DataProcessingAddendum,DataProcessingAddendum
Shopify,PrivacyPolicy,PrivacyPolicy
Shopify,ShopifyPaymentsTermsofS,Shopify Payments Terms of Service
Shopify,TermsofService,Term of Service
ShoppersDrugMart,Legal,Legal
ShoppersDrugMart,Privacy,Privacy
shutterfly,PrivacyandSecurity,Privacy and Security
shutterfly,TermsofUse,Term of Use
Shutterstock,PrivacyPolicy,PrivacyPolicy
Shutterstock,TermsofService,Term of Service
SierraClub,PrivacyPolicy,PrivacyPolicy
SierraClub,TermsandConditionsofUse,Terms and Conditions of Use
Signal,GrandjurysubpoenaforSig,Legal Notice
Signal,SignalandtheGeneralData,Sign and the General Data
Signal,TechnicalInformation,TechnicalInformation
Signal,TermsandPrivacyPolicy,Terms and Privacy Policy
Signal,TermsofServiceandPrivacy,Term of Service and Privacy
SimpliSafe,PrivacyPolicy,PrivacyPolicy
SimpliSafe,TermsofSale,Term of Sale
SimpliSafe,TermsofUse,Term of Use
SinaWeibo,SINATermsofUse,SINATermsofUse
SiriusXMRadioInc,CustomerAgreement,Customer Agreement
SiriusXMRadioInc,CustomerAgreement,Customer Agreement
SiriusXMRadioInc,PRIVACYPOLICY,PRIVACY POLICY
SiriusXMRadioInc,ReturnPolicy,ReturnPolicy
SiriusXMRadioInc,WebsiteTermsofUse,Website Term of Use
Skillshare,PrivacyPolicy,PrivacyPolicy
Skillshare,TermsofService,Term of Service
Skribblio,Termsofservice,Term of Service
Skynet,PrivacyPolicy,PrivacyPolicy
Skynet,TermsofUse,Term of Use
Slack,AcceptableUse,Acceptable Use
Slack,PrivacyPolicy,PrivacyPolicy
Slack,TermsofService,Term of Service
Slitherio,PrivacyPolicy,PrivacyPolicy
SmallBusinessAdministration,PrivacyPolicy,PrivacyPolicy
SmithsonianInstitution,PrivacyStatement,PrivacyStatement
SmithsonianInstitution,TermsofUse,Term of Use
Snapchat,CommunityGeoFilterTerms,Legal Notice
Snapchat,CommunityGuidelines,CommunityGuidelines
Snapchat,CookiePolicy,CookiePolicy
Snapchat,CustomCreativeToolsTerms,Custom Creative Tools Terms
Snapchat,LensStudioTerms,Lens Studio Terms
Snapchat,PrivacyCenter,PrivacyCenter
Snapchat,ReportCopyright,Report Copyright
Snopes,CookiePolicy,CookiePolicy
Snopes,PrivacyPolicy,PrivacyPolicy
Snopes,TermsOfUse,Terms of Use
Sony,PrivacyPolicy,PrivacyPolicy
Sony,TermsandConditions,Terms and Conditions
Sony,WebsiteTermsandConditions,Website Terms and Conditions
SoundCloud,CommunityGuidelines,CommunityGuidelines
SoundCloud,PrivacyPolicy,PrivacyPolicy
SoundCloud,TermsofService,Term of Service
SourceForge,PrivacyStatement,PrivacyStatement
SourceForge,TermsofUse,Term of Use
SpanishDict,PrivacyPolicy,PrivacyPolicy
SpanishDict,TermsofService,Term of Service
SpeedtestbyOokla,PrivacyPolicy,PrivacyPolicy
SpeedtestbyOokla,TermsofUse,Term of Use
Spotify,PrivacyPolicy,PrivacyPolicy
Spotify,SpotifyTermsandCondition,Spotify Term and Condition
Spotify,TermsandConditionsofUse,Terms and Conditions of Use
Spotify,VoiceControls,Voice Controls
Sprint,SprintTermsandConditions,Sprint Term and Conditions
Square,AdditionalCaliforniaPriva,Legal Notice
Square,CookiePolicy,CookiePolicy
Square,GeneralTermsofService,General Terms of Service
Square,PrivacyNotice,Privacy Notice
SSRNSocialScienceResearchNetwork,CopyrightPolicy,CopyrightPolicy
SSRNSocialScienceResearchNetwork,ElsevierCookieNotice,ElsevierCookieNotice
SSRNSocialScienceResearchNetwork,ElsevierPrivacyPolicy,ElsevierPrivacyPolicy
SSRNSocialScienceResearchNetwork,TermsofUse,Term of Use
StackExchange,APIsTermsofUse,APIs Term of Use
StackExchange,ContentPolicy,Content Policy
StackExchange,PrivacyPolicy,PrivacyPolicy
StackExchange,TermsofService,Term of Service
StackExchange,TrademarkGuidance,TrademarkGuidance
StackOverflow,CookiePolicy,CookiePolicy
StackOverflow,DataSecurityandDueProcess,Data Security and Due Process
StackOverflow,ForDataControllersCusto,Legal Notice
StackOverflow,ForDataProcessorsVendors,Legal Notice
StackOverflow,ForDataSubjectsYou,Legal Notice
StackOverflow,PrivacyPolicy,PrivacyPolicy
StackOverflow,PublicNetworkTermsofSer,Public Network Terms of Service
StackOverflow,StackExchangeIncCookie,Legal Notice
StackOverflow,StackExchangeNetworkAcce,Legal Notice
StackOverflow,StackOverflowandDataSec,Stack Overflow and Data Security
StackOverflow,TermsofService,Term of Service
StanfordUniversity,PrivacyPolicy,PrivacyPolicy
StanfordUniversity,Termsofuse,Term of use
StaplesInc,StaplesConnectTermsandC,Staples Connect Term and Conditions
Starlink,DepositPaymentTerms,DepositPaymentTerms
Starlink,PrivacyandCopyrightPolicy,Privacy and Copyright Policy
Starlink,SoftwareLicenseandUsage,SoftwareLicenseandUsage
Starlink,StarlinkAcceptableUsePolicy,Starlink Acceptable Use Policy
Starlink,StarlinkSpecificationsB,Starlink Specifications B
StateFarm,AdsandTracking,Legal Notice
StateFarm,NoticeofPrivacyPolicy,Notice of Privacy Policy
StateFarm,TermsofUse,Term of Use
Steak‘nShake,PrivacyPolicy,PrivacyPolicy
Steak‘nShake,TERMSOFUSE,Terms of Use
Steam,LegalInfo,LegalInfo
Steam,PrivacyPolicyAgreement,PrivacyPolicyAgreement
Steam,SteamRefunds,SteamRefunds
Steam,SteamSubscriberAgreement,SteamSubscriberAgreement
Stitcher,PrivacyPolicy,PrivacyPolicy
Stitcher,Terms,Terms
Strava,CookiePolicy,CookiePolicy
Strava,PrivacyPolicy,PrivacyPolicy
Strava,TermsofService,Term of Service
StrawPoll,PrivacyPolicy,PrivacyPolicy
StrawPoll,TermsofService,Term of Service
SuddenlinkDEPRECATED,PrivacyPolicy,PrivacyPolicy
SuddenlinkDEPRECATED,ResidentialServicesAgreement,Residential Services Agreement
SuddenlinkDEPRECATED,WebsiteTermsofUseandWebs,Website Term of Use and Web
Surfshark,PrivacyPolicy,PrivacyPolicy
Surfshark,TermsOfService,Terms of Service
SurveyMonkey,TermsofUse,Term of Use
SyracuseUniversity,PrivacyPolicy,PrivacyPolicy
Target,TargetPrivacyPolicy,Target Privacy Policy
TaxAct,PrivacyStatement,PrivacyStatement
TaxAct,TaxActTermsofServiceand,Tax Act Term of Service and
TBS,PrivacyPolicyUSA,PrivacyPolicyUSA
TBS,TermsofUse,Term of Use
TechCrunch,AdditionalTermsofService,Additional Term of Service
TechCrunch,CodeofConduct,Code of Conduct
TechCrunch,PrivacyPolicy,PrivacyPolicy
TechCrunch,TermsofService,TermsofService
Telegram,FAQ,FAQ
Telegram,PrivacyPolicy,PrivacyPolicy
Telegram,TermsofService,TermsofService
Tesla,CustomerPrivacyNotice,Customer Privacy Notice
Tether,TermsofService,Term of Service
TheAtlantic,PrivacyPolicy,PrivacyPolicy
TheAtlantic,ResponsibleDisclosureofS,Responsible Disclosure of S
TheAtlantic,TermsandConditions,Terms and Conditions
TheBahá’íFaith,PrivacyAndTermsofUse,PrivacyAndTermsofUse
TheChristianScienceMonitor,PrivacyPolicy,PrivacyPolicy
TheChristianScienceMonitor,TermsofService,Term of Service
TheChurchofJesusChristofLatterdaySaints,PrivacyNotice,PrivacyNotice
TheChurchofJesusChristofLatterdaySaints,TermsofUse,Term of Use
TheGuardian,CookiePolicy,CookiePolicy
TheGuardian,PrivacyPolicy,PrivacyPolicy
TheGuardian,TermsandConditions,Terms and Conditions
TheHersheyCompany,PRIVACYPOLICY,PRIVACY POLICY
TheHersheyCompany,TermsandConditions,Terms and Conditions
TheLinuxFoundation,PrivacyPolicy,PrivacyPolicy
TheLinuxFoundation,TermsofUse,Term of Use
TheVerge,PrivacyPolicy,PrivacyPolicy
TheWallStreetJournal,AdditionalTerms,Legal Notice
TheWallStreetJournal,CAResidentsNotice,CAResidentsNotice
TheWallStreetJournal,CopyrightPolicy,CopyrightPolicy
TheWallStreetJournal,DataPolicy,DataPolicy
TheWallStreetJournal,DowJonesCookieNotice,Legal Notice
TheWallStreetJournal,DowJonesPrivacyNotice,Legal Notice
TheWallStreetJournal,SubscriberAgreement,Subscriber Agreement
TheWaltDisneyCompany,DisneyTermsofUse,Disney Term of Use
TheWaltDisneyCompany,WaltDisneyPrivacyPolicy,Walt Disney Privacy Policy
TheWashingtonTimes,PrivacyPolicy,PrivacyPolicy
TheWashingtonTimes,TermsofUse,Term of Use
TIME,PRIVACYPOLICY,PRIVACY POLICY
TIME,TERMSOFSERVICE,Terms of Service
Tinder,CookiePolicy,CookiePolicy
Tinder,PrivacyPolicy,PrivacyPolicy
Tinder,SafetyandPolicy,Safety and Policy
Tinder,Security,Security
Tinder,TermsofUse,Term of Use
tinyurl,PrivacyPolicy,PrivacyPolicy
tinyurl,PrivacyPolicydelete,Privacy Policy Delete
tinyurl,TermsofService,Term of Service
ToSDRPhoenix,PrivacyPolicy,PrivacyPolicy
ToSDRPhoenix,TermsofService,Term of Service
ToSDR,PrivacyPolicy,PrivacyPolicy
ToSDR,TermsofContribution,Term of Contribution
Toyota,LegalTerms,Legal Terms
Toyota,PrivacyNotice,PrivacyNotice
TransUnion,ForeignCorruptPracticesAct,Legal Notice
TransUnion,TermsofUse,Term of Use
TribunePublishing,CentralTermsofService,Central Terms of Service
TribunePublishing,SubscriberTermsandCondit,Subscriber Term and Conditions
TrinityBroadcastingNetworks,PrivacyRights,PrivacyRights
TrinityBroadcastingNetworks,TermsofUse,Term of Use
Tripadvisor,PrivacyPolicy,PrivacyPolicy
Tripadvisor,TermsofService,Term of Service
TruthSocial,PrivacyPolicy,PrivacyPolicy
Turnitin,EndUserLicenseAgreement,End User License Agreement
Turnitin,PrivacyPolicy,PrivacyPolicy
TVTropes,DMCANotice,Legal Notice
TVTropes,PrivacyPolicy,PrivacyPolicy
Twitch,CookiePolicy,CookiePolicy
Twitch,PrivacyNotice,Privacy Notice
Twitch,TermsofService,Term of Service
Twitter,PrivacyPolicy,PrivacyPolicy
Twitter,TermsofService,Term of Service
Uber,PrivacyPolicy,PrivacyPolicy
Uber,TermsofService,TermsofService
Ubisoft,PrivacyPolicy,PrivacyPolicy
Ubisoft,UBISOFTTERMSOFUSE,UBISOFTTERMSOFUSE
Ubuntu,PrivacyPolicy,PrivacyPolicy
Ubuntu,PrivacyPolicyEN,Privacy Policy EN
Ubuntu,TermsofService,Term of Service
UCLA,TERMSOFUSE,Terms of Use
Udemy,Privacy,Privacy
Udemy,TermsofUse,Term of Use
UnderArmour,PrivacyPolicy,PrivacyPolicy
UnderArmour,TermsofUse,Term of Use
UNICEFUSA,PrivacyStatement,PrivacyStatement
Unilever,CookieNotice,Cookie Notice
Unilever,PrivacyNotice,PrivacyNotice
UnitedHealthCareServices,PrivacyPolicy,PrivacyPolicy
UnitedHealthCareServices,TermsofUse,Term of Use
UnitedStatesPostalService,PrivacyPolicy,PrivacyPolicy
UnitedStatesPostalService,TermsofUse,Term of Use
UnitedWayofRhodeIsland,PrivacyPolicy,PrivacyPolicy
UnitedWayofRhodeIsland,TermsofUse,Term of Use
Unity,CookiePolicy,CookiePolicy
Unity,PrivacyPolicy,PrivacyPolicy
Unity,TermsofService,Term of Service
UniversityofCalifornia,Termsandconditionsofuse,Terms and conditions of use
UniversityofKentucky,PrivacyPolicy,PrivacyPolicy
UniversityofMaryland,PrivacyNotice,Privacy Notice
UniversityofSouthFlorida,PrivacyPolicy,PrivacyPolicy
UniversityOfVirginia,PrivacyPolicy,PrivacyPolicy
UniversitàCommercialeLuigiBocconi,CookiePolicy,CookiePolicy
UniversitàCommercialeLuigiBocconi,PrivacyPolicy,PrivacyPolicy
Upwork,PrivacyPolicy,PrivacyPolicy
Upwork,PrivacyPolicy,PrivacyPolicy
Upwork,PrivacyPolicy,PrivacyPolicy
Upwork,PrivacyPolicy,PrivacyPolicy
UrbanDictionary,PrivacyPolicy,PrivacyPolicy
UrbanDictionary,TermsofService,Term of Service
USAgov–TheOfficialFederalGovernmentOfTheUnitedStatesOfAmerica,PrivacyandSecurityPolicies,Privacy and Security Policies
USAJOBS,PrivacyPolicy,PrivacyPolicy
USAJOBS,TermsandConditions,Terms and Conditions
USATODAY,CaliforniaPrivacyPolicy,California Privacy Policy
USATODAY,PrivacyPolicy,PrivacyPolicy
USATODAY,TermsofService,Term of Service
USDepartmentofJustice,LegalPolicies,Legal Policies
USDepartmentofJustice,PrivacyPolicy,PrivacyPolicy
Usenet,Cancellationright,Cancellation right
Usenet,Conditionsforuse,Conditions for use
Usenet,DMCA,Legal Notice
Usenet,privacystatement,privacystatement
Usenet,TermsandConditions,Terms and Conditions
ValeroEnergyCorporation,PrivacyStatement,PrivacyStatement
ValeroEnergyCorporation,TermsofUse,Term of Use
Vanguard,CookiePolicy,CookiePolicy
Vanguard,PrivacyPolicy,PrivacyPolicy
Vanguard,TermsandConditions,Terms and Conditions
Venmo,PrivacyPolicy,PrivacyPolicy
Venmo,UserAgreement,User Agreement
Verisign,LegalNoticesandTerms,Legal Notice and Terms
Verisign,PrivacyStatement,PrivacyStatement
VerizonCommunications,TermsofService,Term of Service
ViacomCBS,CBSInteractivePrivacyPolicy,CBS Interactive Privacy Policy
ViacomCBS,DoNotSellMyInformation,Do Not Sell My Information
ViacomCBS,PrivacyPolicy,PrivacyPolicy
ViacomCBS,TermsofUse,Term of Use
Viagogo,CookiesPolicy,CookiesPolicy
Viagogo,PrivacyPolicy,PrivacyPolicy
Viagogo,TermsandConditions,Terms and Conditions
Viasat,ApplicantPrivacyPolicy,Applicant Privacy Policy
Viasat,ViasatandExedeSubscriber,Legal Notice
Viasat,ViasatGeneralPrivacyNotice,Legal Notice
Viasat,ViasatInflightWiFiPriva,Viasat Inflight WiFi Priva
Viasat,ViasatManagedWebsiteAppl,Legal Notice
Viasat,ViasatMobileApplications,Legal Notice
Viasat,WildBlueSubscriberPrivacy,Wild Blue Subscriber Privacy
Vice,PrivacyPolicy,PrivacyPolicy
Vice,SecurityPolicy,SecurityPolicy
Vice,TermsofUse,Term of Use
Vimeo,PrivacyPolicy,PrivacyPolicy
Vimeo,TermsofService,Term of Service
VirginAtlantic,PrivacyPolicy,PrivacyPolicy
Virgin,CookiePolicy,CookiePolicy
Virgin,PrivacyPolicy,PrivacyPolicy
Virgin,WebsiteTermsofUse,Website Terms of Use
VisaSolutionCheckoutPaytoClick,Cookies,Cookies
VisaSolutionCheckoutPaytoClick,GlobalPrivacyNotice,LegalNotice
VisaSolutionCheckoutPaytoClick,TermsofService,Term of Service
Vivaldi,BrowserPrivacyPolicy,Browser Privacy Policy
Vivaldi,CommunityTermsofUse,Community TermsofUse
Vivaldi,CookiePolicy,CookiePolicy
Vivaldi,EndUserLicenseAgreement,EndUserLicenseAgreement
Vivaldi,PrivacyPoliciesforThird,Privacy Policies for Third-Party
Vive,CodeofConduct,Code of Conduct
Vive,CookiePreferences,CookiePreferences
Vive,PrivacyPolicy,PrivacyPolicy
Vive,ReturnsandCancellations,Returns and Cancellations
Vive,TermsofUse,Term of Use
VIZIO,LIMITEDWARRANTY,Limited Warranty
VIZIO,MYVIZIOTERMSOFUSE,My Vision Terms of Use
VIZIO,ShippingTermsandConditions,Shipping TermsandConditions
VIZIO,TERMSOFSERVICE,Terms of Service
VIZIO,Viewingdatasupplementto,Legal Notice
VIZIO,VIZIOWebsiteTermsofUse,VISIOWebsite Term of Use
VodafoneGroup,Privacypolicy,Privacy policy
VodafoneGroup,TermsandConditions,Terms and Conditions
Vonage,PrivacyPolicy,PrivacyPolicy
Vonage,SupplementalTerms,Supplemental Terms
Vonage,TermsofUse,Term of Use
VoxMedia,CookiePolicy,CookiePolicy
VoxMedia,PrivacyNotice,PrivacyNotice
VoxMedia,TermsofUse,Term of Use
VoxMedia,VoxMediaSecurity,LegalNotice
Vox,CookiePolicy,CookiePolicy
Vox,PrivacyPolicy,PrivacyPolicy
Vox,TermsofUse,Term of Use
W3Schools,CookiesandPrivacyPolicy,Legal Notice
W3Schools,TermsofUseAboutCopyright,Term of Use About Copyright
WallStreetOasis,PrivacyPolicy,PrivacyPolicy
WallStreetOasis,TermsandConditions,Terms and Conditions
Walmart,CaliforniaPrivacyRights,California Privacy Rights
Walmart,PrivacyPolicy,PrivacyPolicy
WarnerBros,PrivacyPolicy,PrivacyPolicy
WarnerBros,TermsofUse,Term of Use
WashingtonPost,PrivacyPolicy,PrivacyPolicy
WashingtonPost,TermsOfService,Terms of Service
WatchMojocom,CopyrightTermsandPrivacy,Copyright TermsandPrivacy
Waymo,PrivacyPolicy,PrivacyPolicy
Waymo,TermsofService,TermsofService
Waze,CookiePolicy,CookiePolicy
Waze,CopyrightPolicy,CopyrightPolicy
Waze,PrivacyPolicy,PrivacyPolicy
Waze,TermsofUse,Term of Use
Wealthfront,PrivacyPolicy,PrivacyPolicy
Wealthfront,TermsofUse,Term of Use
WeatherUnderground,TermsofUse,Term of Use
WebMD,AdvertisingPolicy,AdvertisingPolicy
WebMD,CookiePolicy,CookiePolicy
WebMD,CorrectionsPolicy,Corrections Policy
WebMD,EditorialPolicy,Legal Notice
WebMD,PrivacyPolicy,PrivacyPolicy
WebMD,TermsandConditionsofUse,Terms and Conditions of Use
weebly,PrivacyPolicy,PrivacyPolicy
weebly,TermsofService,Term of Service
WeightsandBiases,PrivacyPolicy,PrivacyPolicy
Welchs,PrivacyPolicy,PrivacyPolicy
WellsFargo,termsofservice,termsofservice
WePay,PrivacyPolicy,PrivacyPolicy
WePay,TermsofService,TermsofService
Whirlpool,LegalNotice,Legal Notice
Whirlpool,PrivacyNoticeUnitedSta,Privacy Notice United States
Whirlpool,TermsofUse,Term of Use
WikiHow,CookiePolicy,CookiePolicy
WikiHow,PrivacyPolicy,PrivacyPolicy
WikiHow,TermsofUse,Term of Use
Wikimedia,PrivacyPolicy,PrivacyPolicy
Wikimedia,TermsofUse,Term of Use
Wikipedia,TermsofUse,Term of Use
WinZip,CookieandTrackingToolNo,Cookie and Tracking Tool No
WinZip,PrivacyStatement,PrivacyStatement
WinZip,Terms,Terms
Wire,Mergedintodocument262by,Legal Notice
Wire,PrivacyPolicy,PrivacyPolicy
Wire,TermsofUsepersonal,Term of Use personal
WiseFuneralHome,PrivacyPolicy,PrivacyPolicy
WiseFuneralHome,TermsandConditions,Terms and Conditions
Wise,CookiePolicy,CookiePolicy
Wise,CustomerAgreementEU,Customer Agreement EU
Wise,CustomerAgreementUSA,Customer Agreement USA
Wise,GlobalPrivacyPolicy,Global Privacy Policy
Wise,PrivacyPolicyEU,PrivacyPolicyEU
Wise,PrivacyPolicyUSA,Privacy Policy USA
Wise,TermsofUseUK,Term of Use UK
wix,PrivacyPolicy,PrivacyPolicy
wix,TermsofUse,Term of Use
WizardsoftheCoast,Cookies,Cookies
WizardsoftheCoast,GENERALTERMS,General Terms
WizardsoftheCoast,PrivacyPolicy,PrivacyPolicy
WolframAlpha,PrivacyPolicy,PrivacyPolicy
WolframAlpha,TermsofUse,Term of Use
Wordpresscom,CookiePolicy,CookiePolicy
Wordpresscom,PrivacyPolicy,PrivacyPolicy
Wordpresscom,TermsofService,Term of Service
WordPressorg,CookiePolicy,CookiePolicy
WordPressorg,PrivacyPolicy,PrivacyPolicy
worldofwarcraft,Cookies,Cookies
Worldometer,PrivacyPolicy,PrivacyPolicy
WPSOffice,AutoRenewalTerms,Auto Renewal Terms
WPSOffice,CookieDeclaration,CookieDeclaration
WPSOffice,EULA,EULA
WPSOffice,PrivacyPolicy,PrivacyPolicy
WWNorton,PrivacyPolicy,PrivacyPolicy
WWNorton,TermsofUse,Term of Use
Xfinity,PrivacyPolicy,PrivacyPolicy
Xfinity,ResidentialServicesAgreement,Residential Services Agreement
Xfinity,WebServicesTermsofService,Web Services Terms of Service
XHamster,privacy,privacy
Xiaomi,PrivacyPolicy,PrivacyPolicy
Xiaomi,UserAgreement,User Agreement
XVideos,AntiPiracyStatement,Legal Notice
XVideos,PrivacyPolicy,PrivacyPolicy
XVideos,RepeatInfringersPolicy,RepeatInfringersPolicy
XVideos,Termsofservice,Term of service
Yahoo,PrivacyPolicy,PrivacyPolicy
Yahoo,PrivacyTopicLocation,Privacy Topic Location
Yahoo,TermsofService,Term of Service
Yandex,PrivacyPolicy,PrivacyPolicy
Yandex,Termsofservice,Term of service
yelp,PrivacyPolicy,PrivacyPolicy
yelp,TermsofService,Term of Service
YouGov,PrivacyPolicy,PrivacyPolicy
YouGov,TermsandConditionsofUse,Terms and Conditions of Use
YouPorn,COPYRIGHTPOLICY,Copyright Policy
YouPorn,PrivacyPolicy,PrivacyPolicy
YouPorn,TermsOfService,Terms of Service
YouTubeKids,NoticeforChildren,Notice for Children
YouTubeKids,ParentalGuide,Parental Guide
YouTubeKids,PrivacyNotice,PrivacyNotice
YouTube,ChildSafetyPolicy,ChildSafetyPolicy
YouTube,CommunityGuidelines,CommunityGuidelines
YouTube,CopyrightStrike,Copyright Strike
YouTube,HateSpeechPolicy,Legal Notice
YouTube,PrivacyPolicy,PrivacyPolicy
YouTube,TermsofService,Term of Service
YouTube,ViolentCriminalOrganizati,ViolentCriminalOrganization
YWCA,PrivacyPolicy,PrivacyPolicy
Zapier,PrivacyPolicy,PrivacyPolicy
Zendesk,CookiePolicy,CookiePolicy
Zendesk,PrivacyPolicy,PrivacyPolicy
Zendesk,TermsofUse,Term of Use
ZeniMaxMediaInc,PrivacyPolicy,PrivacyPolicy
ZeniMaxMediaInc,TermsofService,Term of Service
Zillow,PrivacyPolicy,PrivacyPolicy
Zillow,TermsofUse,Term of Use
Zipcar,ZipcarMembershipContract,Zipcar Membership Contract
ZoomInfo,PrivacyPolicy,PrivacyPolicy
ZoomInfo,SecurityOverview,SecurityOverview
ZoomInfo,WebsiteTermsofUse,Website Term of Use
ZOOMPlatform,Privacy,Privacy
ZOOMPlatform,TermsofService,TermsofService
ZoomVideoCommunications,CookiePolicy,CookiePolicy
ZoomVideoCommunications,DigitalMillenniumCopyrig,Digital Millennium Copyright Act Copyright
ZoomVideoCommunications,PrivacyPolicy,PrivacyPolicy
ZoomVideoCommunications,TermsofService,TermsofService
Zoosk,CookiePolicy,CookiePolicy
Zoosk,ElectronicRecordsDisclosu,Electronic Records Disclosure
Zoosk,PrivacyPolicy,PrivacyPolicy
Zoosk,TermsofUseAgreement,Term of Use Agreement
Zotero,Privacypolicy,Privacypolicy
Zotero,Termsofservice,Term of service
