Company,Document Type
1Password,AgileBits Privacy Policy
1Password,Terms of Service
23andMe,Cenforce Professional
23andMe,Cookie Policy
23andMe,Privacy Policy
23andMe,Terms of Service
4chan,Legal
4chan,Rules
A+E Networks,Community Guidelines
A+E Networks,Cookie Notice
A+E Networks,Copyright Policy
A+E Networks,Privacy Notice
A+E Networks,Terms of Service
AA,Privacy Notice
AA,Terms of Use
AbbVie,Privacy Notice
AbbVie,Terms of Use
Abilene Christian University,General University Policies
Abilene Christian University,Privacy Policy
Abilene Christian University,University Policies
Academia.edu,Copyright Policy
Academia.edu,Privacy Policy
Academia.edu,Terms of Service
ActBlue,Privacy Policy
ActBlue,The Fine Print
Activision Publishing,Terms and Conditions
ACT wireless,Privacy Policy
ACT wireless,Terms of Service
ACT,Privacy Policy
ACT,Terms and Conditions
Adblock Plus,Privacy Policy
Adblock Plus,Terms of Use
Adobe Services,Privacy Policy
Adobe Services,Terms of Use
ADT,Digital Security Privacy Policy
ADT,Digital Security Terms of Use
ADT,Privacy Policy
ADT,Website Terms of Use
Affirm,Privacy Policy
Affirm,Terms of Service
Airbnb,Cookie Policy
Airbnb,Privacy Policy
Airbnb,Terms of Service
AirVPN,Privacy Policy
AirVPN,Terms of Service
Albertsons Companies Subsidiaries,Albertsons Companies Privacy Policy
Albertsons Companies Subsidiaries,Albertsons Companies Terms
Albertsons Companies Subsidiaries,Anti Human Trafficking Policy
Albertsons Companies Subsidiaries,Cookies and Ads Policy
Albertsons Companies Subsidiaries,Digital Accessibility Statement
Albertsons Companies Subsidiaries,GMOs
Albertsons Companies Subsidiaries,HIPAA Notice of Privacy Practices
Albertsons Companies Subsidiaries,Lucky Market Street Terms Of Service
Albertsons Companies Subsidiaries,Lucky's Supply Chain Transparency
Albertsons Companies Subsidiaries,Lucky Supermarkets Privacy Policy
Albertsons Companies Subsidiaries,Notice of Non-Discrimination
Alibaba Group,Privacy Policy
AliExpress,Terms of Use
Allen Institute for Artificial Intelligence,Terms and Conditions of Use
Amazon AWS,AWS Privacy Notice
Amazon AWS,AWS Service Terms
Amazon AWS,AWS Service Terms
Amazon Prime Video,Amazon Interest Based Ads
Amazon Prime Video,Amazon Privacy Notice
Amazon,Alexa Terms of Use
Amazon,Amazon Appstore for Android
Amazon,Amazon Coins Terms
Amazon,Amazon Device Terms of Use
Amazon,Amazon Drive and Prime Photos Terms of Service
Amazon,Amazon Game Circle Terms of Use
Amazon,Amazon Maps Terms of Use
Amazon,Amazon Music Terms of Use
Amazon,Amazon Prime Terms
Amazon,Amazon Privacy Notice
Amazon,Amazon Silk Terms and Conditions
Amazon,Backup and Restore FAQ
Amazon,Conditions of Use
Amazon,EU US and Swiss US Privacy Policy
Amazon,Firefly FAQ
Amazon,Interest-Based Ads
Amazon,Kindle E-Reader and Fire Tablet Terms of Service
Amazon,Kindle Personal Documents Delivery
Amazon,Kindle Special Offer Text Notification
Amazon,Kindle Store Terms of Use
Amazon,Kindle Unlimited Terms of Use
Amazon,Limited Time Special Offers
Amazon,Location Services FAQ
Amazon,Monthly Payments Terms and Conditions
Amazon,Saving Your Wifi Passwords
American Red Cross,Terms of Use
Amnesty International Limited UK,Cookie Statement
Amnesty International Limited UK,Privacy Policy
Ancestry,Community Rules
Ancestry,Cookie Policy
Ancestry,Privacy Statement
Ancestry,Renewal and Cancellation Terms
Ancestry,Terms and Conditions
Android,Privacy Policy
AON,Terms of Use
Apache,Privacy Policy
Apartment List,Privacy Policy
Apartment List,Terms of Use
AP News,Privacy Policy
AP News,Terms of Use
Apple Media Services,Apple Media Services Terms
Apple Services,Apple Support Communities Use
Apple Services,Application Based Services
Apple Services,Game Center Terms and Conditions
Apple Services,iCloud Terms of Service
Apple Services,iTunes Terms of Service
Apple Services,Privacy Policy
Apple Services,Shazam Terms of Use
Apple Services,Website Terms of Service
AP,Privacy Policy
AP,Terms and Conditions
Aquafina,Privacy Policy
Aquafina,Terms and Conditions
Aramark,Privacy Policy
Aramark,Terms of Service
Arch Linux,Code of Conduct
Arch Linux,Privacy Policy
Arch Linux,Trademark Policy
Arista Networks,Privacy Policy
Arista Networks,Terms of Use
Arizona State University Online,Privacy Statements
Army National Guard,Privacy Policy
Ars Technica,Affiliate Link Policy
Ars Technica,Privacy Policy
Ars Technica,User Agreement and Privacy Policy
Asana,Cookie Policy
Asana,Privacy Policy
Asana,Terms of Service
Ashley Home and Furniture,Privacy Policy
Ashley Home and Furniture,Terms of Use
Asus,Privacy Policy
Asus,Terms of Use
AT&T,Acceptable Use Policy
AT&T,Internet Terms of Service
AT&T,Wireless Plan Terms
Atari,Cookies Policy
Atari,Privacy Policy
Atari,Terms of Use
Atlanta Journal Constitution,Privacy Policy
Atlanta Journal Constitution,Visitor Agreement
Atlassian,Atlassian Cloud ToS
Atlassian,Cookies and Tracking Notice
Atlassian,Merged Into Document 152
Atlassian,Operations and Security
Atlassian,Privacy Policy
Atlassian,Trello Privacy Policy
Autism Speaks,Privacy Policy
Autism Speaks,Terms of Service
Auto Loan Express,Privacy Policy
Auto Loan Express,Terms and Conditions
Bain and Company,Cookie Policy
Bain and Company,Privacy Policy
Bain and Company,Terms of Use
Ballotpedia,General Disclaimer
Ballotpedia,Privacy Policy
Bandcamp,Copyright Policy
Bandcamp,Privacy Policy
Bandcamp,Terms of Use
BBC,Privacy and Cookies Policy
BBC,Terms of Use
Belkin,End User License Agreement
Belkin,Privacy Policy
Belkin,Security
Belkin,Terms of Use
Bentley Motors,Cookie Policy
Bentley Motors,Privacy Policy
Bentley Motors,Terms and Conditions
BeReal,Privacy Policy
BeReal,Terms of Use
Bereal,Privacy Policy
Bereal,Terms of Use
BetterHelp,Privacy Policy
BetterHelp,Terms and Conditions
Bing,Privacy Policy
Bing,Privacy Policy
Bing,Services Agreement
Bing,Services Agreement
Bitdefender,GDPR Compliance
Bitdefender,Legal Intellectual Property
Bitdefender,Personal Data Notice
Bitdefender,Privacy Policy
BitTorrent,Copyright Infringement Policy
BitTorrent,End User License Agreement
BitTorrent,Privacy Policy
BitTorrent,Terms of Use
BitTorrent,Terms of Use
BlaBlaCar,Cookies Policy
BlaBlaCar,Privacy Policy
BlaBlaCar,Terms and Conditions
Black Lives Matter Global Network Foundation Inc.,Privacy Policy
BlackRock,Privacy Policy
BlackRock,Privacy Policy
BlackRock,Terms and Conditions
Bleeping Computer,Ethics Statement
Bleeping Computer,Privacy Policy
Bleeping Computer,Terms of Use
Blizzard,Blizzard Entertainment Disclaimer
Blizzard,End User License Agreement
Blizzard,Privacy Policy
Blogspot,Privacy Policy
Blogspot,Terms of Service
Bloomberg LP,Terms of Service
Bluray.com,Legal Notices
Bluray.com,Privacy Policy
Bob Barker,Privacy Policy
Boingo,Health Excite
Boingo,Privacy Policy
Boingo,Terms of Service and Acceptable Use Policy
Booking.com,Privacy Statement
Booking.com,Terms and Conditions
Box Office Mojo,Conditions of Use
Box Office Mojo,Privacy Policy
Boy Scouts of America,Donor Privacy Policy
Boy Scouts of America,Privacy Policy
Boy Scouts of America,Terms and Conditions
Brave,Brave Rewards Advertiser Program
Brave,Brave Rewards Publisher Terms
Brave,Brave Rewards User Terms of Service
Brave,Brave Websites Forums and
Brave,Privacy Policy
Brave,Publishers and Content Creators
Brave,Terms of Policy Document
Breitbart News Network,Privacy Policy
Breitbart News Network,Terms of Service
Brightcove,Privacy Policy
Brightcove,Terms and Conditions
Brilliant,Cookie Policy
Brilliant,Privacy Policy
Brilliant,Terms of Use
British Airways,Cookies
British Airways,Privacy Policy
British Airways,Website Security
British Airways,Website Terms and Conditions
Broadcom,Cookie Policy
Broadcom,License and Service Terms
Broadcom,Privacy Policy
Broadcom,Terms of Use
Bumble,Cookies Policy
Bumble,Privacy Policy
Bumble,Terms of Service
Burger King,Accessibility
Burger King,Privacy Policy
Burger King,Terms of Service
Burning Man Project,ePlaya Terms of Service
Burning Man Project,Gallery Terms and Conditions
Burning Man Project,Hive Terms of Service
Burning Man Project,Privacy Policy
Burning Man Project,Terms of Service
Burning Man Project,Ticket Terms and Conditions
Burning Man Project,Year Round Event Terms and Conditions
Buzzfeed,DMCA
Buzzfeed,Privacy Policy
BuzzFeed,User Agreement
Cameo,Privacy Policy
Cameo,Terms of Service
Cameo,Terms of Service
Canvas,Cookie Policy
Canvas,Employer Terms of Use
Canvas,Privacy Policy
Canvas,Terms of Use
Canva,Cookie Policy
Canva,Terms of Use
Capital G,Privacy Policy
Capital One Shopping,Privacy Policy
Capital One Shopping,Terms of Service
Cash App,Privacy Policy
Cash App,Terms of Service
Cash App,Terms of Service
Cengage,Cengage Privacy Notice
Cengage,Cengage Privacy Overview
Cengage,Terms of Use
CentOS,Privacy Policy
Champs Sports,Privacy Statement
Champs Sports,Terms of Use
Charles Schwab,Privacy Policy
Chase,Terms of Use
Chegg,Citation Machine Cookie Notice
Chegg,Cookie Notice
Chegg,Terms of Use
Chess.com,Privacy Policy
Chess.com,Terms of Service
Chipotle Mexican Grill,Privacy Policy
Chipotle Mexican Grill,Terms of Use
Chocolatey,Privacy Policy
Cinemax,Ad Choices
Cinemax,Privacy Policy
Cinemax,Terms of Use
Cisco,Copyright Use and Policies
Cisco,End User License Agreement
Cisco,Guidelines
Cisco,Online Privacy Statement
Cisco,Website Terms of Use
City of Sacramento,General Disclaimer Conditions
Clemson University,Website Information
Clemson University,Whistleblower and Non-Retaliation Policy
Clickio,Privacy Policy
Clickio,Terms and Conditions
Cloudflare,Cloudflare Cookie Policy
Cloudflare,Cloudflare Privacy Policy
Cloudflare,Cloudflare Self-Serve Subscription Agreement
Cloudflare,Website Terms of Use
CNet,Terms of Use
CNN,Privacy and Cookies Policy
CNN,Terms of Use
Codewars,Privacy Policy
Codewars,Website Terms of Service
Coinbase,Coinbase Payments and Coinbase UK Privacy Policy
Coinbase,Coinbase Cookie Policy
Coinbase,Coinbase Markets Trading Rules
Coinbase,Coinbase User Agreement
Coinbase,Market Data Terms of Use
College Board,Access to Your Information
College Board,Communications and Marketing Policy
College Board,Cookies and Do Not Track
College Board,Information Use and Disclosure
College Board,Personally Identifiable Information
College Board,Privacy Statement
College Board,Security of Information
College Board,Site Terms and Conditions
Common Application,Privacy Policy
Common Application,Terms of Use
Common Sense Media,Privacy Policy
Common Sense Media,Terms of Use
Consumer Product Safety Commission,Privacy Policy
Consumer Reports,Privacy Policy
Cool Math Games,Privacy Policy
Cool Math Games,Terms of Use
Crain's Chicago Business,Privacy Policy
Credit Karma,CCPA Rights
Credit Karma,Privacy Policy
Credit Karma,Security Practices
Credit Karma,Terms of Service
Credit Karma,User Content Rules
Cricket Wireless,Privacy Policy
Cricket Wireless,Terms of Use
CrowdStrike,Cookie Notice
CrowdStrike,Privacy Notice
CrowdStrike,Website Terms of Use
Crunchyroll,Privacy Policy
Crunchyroll,Terms of Service
CVS,Privacy Policy
Dailymotion,Cookie Policy
Dailymotion,Copyright Notification
Dailymotion,Privacy Policy
Dailymotion,Prohibited Content
Dailymotion,Terms of Use
Dairy Queen,Privacy Statement
Dairy Queen,Terms and Conditions
Dairy Queen,Visitor Agreement
Dash,Privacy Policy
Dash,Terms of Use
Datadog,Cookie Policy
Datadog,Privacy Policy
Datadog,Terms of Use
Dell,Consumer Terms of Sale
Dell,Cookies
Dell,Privacy Policy
Dell,Website Terms of Use
Desmos,Privacy and Cookie Policy
Desmos,Student Data Privacy Statement
Desmos,Terms of Service
DeviantArt,Copyright Policy
DeviantArt,DeviantArt Inc Privacy Policy
DeviantArt,Etiquette Policy
DeviantArt,Privacy Policy
DeviantArt,Terms of Service
Dictionary.com,Privacy and Cookie Policy
Discord,Community Guidelines
Discord,Privacy Policy
Discord,Terms of Service
Discovery Education,Cookie Policy
Discovery Education,Terms of Use
Discovery,Privacy Policy
Discovery,Tracking Technologies Notice
Discovery,Visitor Agreement
Disney+,Cookie Policy
Disney+,Privacy Policy
Disney+,UK and EU Privacy Rights
DoNotPay,Terms of Service and Privacy Policy
DoorDash,Privacy Policy
DoorDash,Terms of Service
Dropbox,Acceptable Use Policy
Dropbox,Cookies
Dropbox,Merged Into Document 21
Dropbox,Privacy Policy
Dropbox,Privacy Policy FAQ
Dropbox,Terms of Service
DuckDuckGo,Privacy Policy
Duolingo,Privacy Policy
Duolingo,Terms of Service
Dyson,Returns Policy
eBay,Cookie Notice
eBay,User Agreement
eBay,User Privacy Notice
Edmodo,Optimum Wellness
Edmodo,Privacy Policy
edX,Privacy Policy
edX,Terms of Service and Honor
Electronic Arts,Legal
Electronic Arts,Privacy Policy
Electronic Arts,Security
Electronic Arts,SMS Terms
Electronic Frontier Foundation,Privacy Policy
Encyclopedia Britannica,Privacy Policy
Encyclopedia Britannica,Terms of Use
Epic Games,Enable Multi-Factor Authentication
Epic Games,Fan Content Policy
Epic Games,Privacy Policy
Epic Games,Terms of Service
Ethereum,Cookie Policy
Ethereum,Privacy Policy
Ethereum,Terms of Use
Etsy,Cookies and Similar Technologies
Etsy,Privacy Policy
Etsy,Terms of Use
Etsy,Terms of Use
Euronews,Cookies and Privacy Policy
Euronews,Terms and Conditions
Eventbrite,Cookie Statement
Eventbrite,Privacy Policy
Eventbrite,Terms of Service
EVE Online,EVE Online Cookies
EVE Online,EVE Online End User License Agreement
EVE Online,EVE Online Privacy Policy
EVE Online,EVE Online Terms of Service
Evernote,Evernote Data Usage Policy
Evernote,Privacy Policy
Evernote,Terms of Service
Facebook,Cookie Policy
Facebook,Data Policy
Facebook,Privacy Basics
Facebook,Terms of Service
Facebook,What Information Does Facebook Collect?
Factorio,Privacy Policy
Factorio,Terms of Service
FairVote,Privacy Policy
FairVote,Terms of Use
FamilySearch,Privacy Notice
FamilySearch,Terms of Use
Fandango,Cookies and Tracking
Fandango,Do Not Sell My Info
Fandango,Privacy Policy
Fandango,Terms of Use
Fandom,Privacy Policy
Fandom,Terms of Use
FanFiction.net,Cookies Policy
FanFiction.net,Privacy Policy
FanFiction.net,Terms of Service
Federal Trade Commission,Privacy Policy
Feeding America,Donor Privacy Policy
Feeding America,Privacy Policy
FIFA,Cookie Policy
FIFA,Privacy Policy
FIFA,Terms of Service
Figma,Privacy Policy
Figma,Terms of Service
Fitbit,Cookies and Similar Technologies
Fitbit,Privacy Policy
Fitbit,Terms of Service
Fiverr,Privacy Policy
Fiverr,Terms of Service
Flickr,Additional Terms of Service
Flickr,Community Guidelines
Flickr,Community Guidelines
Flickr,Cookies Policy - August 19
Flickr,Data Processing Policy
Flickr,Flickr Privacy Policy
Flickr,Policy on Cookies
Flickr,Privacy Policy - April 3
Flickr,Privacy Policy - January 2
Flickr,Terms and Conditions of Use
Flickr,Terms of Service - April 3
Flipkart,Privacy Policy
Flipkart,Terms of Service
Flipkart,Terms of Service
Food and Drug Administration,Privacy Policy
Food Lion,Legal Terms and Conditions
Food Lion,Privacy Statement
Foot Locker,Europe Cookie Policy English
Foot Locker,Europe Privacy Statement
Foot Locker,Terms and Conditions English
Forbes,Privacy Statement
Forbes,Terms and Conditions
Foursquare,CCPA
Foursquare,Cookie Policy
Foursquare,Privacy Policy
Foursquare,Terms of Use
Fox News,Closed Captioning Policy
Fox News,Do Not Sell My Personal Information
Fox News,Privacy Policy
Fox News,Terms of Use
Free Software Foundation,DMCA Notice
Free Software Foundation,Privacy Policy
FTX,Privacy Policy
FTX,Terms of Service
Garmin,Privacy Policy USA
Garmin,Terms of Use USA
Gather Town,Data Processing Agreement
Gather Town,Privacy Policy
Gather Town,Terms of Service
General Mills,Cookie Policy
General Mills,Privacy Policy
General Mills,Terms of Service
Genshin Impact,Privacy Policy
Genshin Impact,Terms of Service
Getty Images,Images Content License Agreement
Getty Images,Privacy Policy
Getty Images,Terms of Use
Girls Who Code,Privacy Policy
Girls Who Code,Terms of Use
GitHub,Privacy Policy
GitHub,Security
GitHub,Terms of Service
GitLab,Privacy Policy
GitLab,Website Terms of Use
Glassdoor,Privacy and Cookie Policy
GoDaddy,Cookie Policy
GoDaddy,Domain Name Proxy Agreement
GoDaddy,Domain Name Registration Agreement
GoDaddy,Privacy Policy
GoDaddy,Uniform Domain Name Dispute Resolution Policy
GoDaddy,Universal Terms of Service
Goodreads,Cookie Notice
Goodreads,Privacy Policy
Goodreads,Terms of Service
Google Analytics,Google Analytics Terms of Service
Google Analytics,Google Privacy Policy
Google Analytics,Policy Requirements
Google Chrome,Google Chrome Privacy White Paper
Google Pay,Privacy Notice
Google,Privacy Policy
Google,Terms of Service
GOV.UK,Cookies
GOV.UK,Privacy Notice
GOV.UK,Terms and Conditions
Grammarly,Privacy Policy
Grammarly,Terms of Service and License
Great Wolf Resorts,Cookie Policy
Great Wolf Resorts,Privacy Policy and Terms
GrubHub,Data Privacy at Grubhub
GrubHub,Privacy Policy
GrubHub,Terms of Use
GSK,Cookie Policy
GSK,Legal Notices
GSK,Privacy Notice
GSK,Terms of Use
Habbo,Privacy Policy
Habbo,Terms of Service
Hacker News,Hacker News Guidelines
Hacker News,Privacy Policy
Hacker News,Terms of Use
HackerRank,Privacy Policy
HackerRank,Terms of Service
Hallmark,Crown Media Family Network
Hallmark,Hallmark Business Connection
Hallmark,Hallmark Privacy and Security Policy
Hallmark,Privacy Policy
Hallmark,Terms of Use
Hallmark,Terms of Use and Terms of Sale
Handshake,Privacy Policy
Handshake,Terms of Service
HBO Max,Terms of Use
HBO,Privacy Policy
HBO,Terms of Use
Hearst,Privacy Notice
Hearst,Terms of Use
Herbalife,Privacy Policy
Herbalife,Terms of Use
Heroku,Acceptable Use Policy
Heroku,Master Subscription Agreement
Heroku,Privacy Statement
Heroku,Terms of Service
Hertz Car Sales,Privacy Statement
Hertz Car Sales,Terms and Conditions of Use
Hillshire Farm,Terms of Use
Hinge,Cookie Policy
Hinge,Privacy Policy
Hinge,Terms of Service
Honeywell,Cookie Notice
Honeywell,Cookie Notice
Honeywell,Cookie Notice
Honeywell,Cookie Notice
Honeywell,Privacy Statement
Honeywell,Privacy Statement
Honeywell,Privacy Statement
Honeywell,Terms of Service
Honey,Privacy Policy
Hostelworld,Cookies Policy
Hostelworld,Privacy Policy
Hostelworld,Terms and Conditions
How To Geek,Privacy Policy
How To Geek,Terms of Service
HP Hewlett Packard,Cookie Policy
HP Hewlett Packard,Limited Warranty
HP Hewlett Packard,Personal Data Rights
HP Hewlett Packard,Privacy Statement
HP Hewlett Packard,Product Recalls
HP Hewlett Packard,Terms of Use
Huawei Central,Copyright Policy
Huawei Central,Privacy Policy
Huawei,Cookies Policy
Huawei,Privacy Policy
Huawei,Terms of Use
HubSpot,Acceptable Use Policy
HubSpot,Cookie Policy
HubSpot,Data Processing Agreement
HubSpot,Jurisdiction Specific Terms
HubSpot,Privacy Policy
HubSpot,Product Privacy Policy
HubSpot,Product Specific Terms
HubSpot,Website Terms of Use
HuffPost,Privacy Policy
HuffPost,Terms of Service
HughesNet,Hughes Website Privacy Policy
HughesNet,Hughes Website Terms of Use
Hulu,Privacy Policy
Hulu,Terms of Use
Human Rights Foundation,Privacy Policy
IBM,Privacy Policy
IBM,Terms of Service
ICANN,Cookies Policy
ICANN,Privacy Policy
ICANN,Terms of Service
iCloud,Canada English Terms and Conditions
iCloud,iCloud Security Overview
iCloud,Privacy Policy
iCloud,Terms of Service EU
iCloud,Terms of Service US
iFixit,Privacy Policy
iFixit,Terms of Use
iFunny,Privacy Policy
iFunny,Terms of Service
Have I Been Pwned?,Privacy Policy
iHeartMedia,Privacy Policy
iHeartMedia,Terms of Use
iHeartRadio,Privacy Policy
iHeartRadio,Terms of Use
IKEA,Cookie Policy
IKEA,Privacy Policy
IKEA,Terms and Conditions
IMDb,Privacy Policy
IMDb,Terms of Service
Imgur,Privacy Policy
Imgur,Terms of Service
Indeed,Privacy Policy
Indeed,Terms of Service
Indeed,Terms of Service
Instacart,Privacy Policy
Instacart,Terms of Service
Instagram,About Cookies
Instagram,Community Guidelines
Instagram,Data Policy
Instagram,Law Enforcement
Instagram,Terms of Use
Intel,Privacy Policy
Interfolio,Cookies Policy
Interfolio,Privacy Policy
Interfolio,Terms of Service
Internet Archive,Terms of Service
Intuit,Terms of Service
Invisalign,Privacy Statement
Invisalign,Terms of Use
IRS,Privacy Policy
ITV,Privacy Notice
ITV,Terms of Service
Jack in the Box,Privacy Policy
Jacuzzi,Privacy Notice
Jacuzzi,Terms of Service
Jehovah's Witnesses,Global Data Protection Policy
Jehovah's Witnesses,Global Policy on Use of Cookies
Jehovah's Witnesses,Global Policy on Use of Personal Information
Jehovah's Witnesses,Privacy Policy
Jewish Social Services Agency,Privacy Policy
Jewish Social Services Agency,Terms and Conditions
JSTOR,Privacy Policy
JSTOR,Terms and Conditions of Use
Jupiter,Privacy Policy
Jupiter,Terms and Conditions
Kaggle,Cookies
Kaggle,Privacy Policy
Kaggle,Terms of Use
Kahoot!,Privacy Policy
Kahoot!,Terms and Conditions
KAYAK,Privacy Policy
KAYAK,Terms and Conditions
Kellogg's,Store Privacy Policy
Kellogg's,Store Return and Exchange Policy
Khan Academy,Privacy Policy
Khan Academy,Terms of Service
Kickstarter,Cookies and Other Technologies
Kickstarter,Privacy Policy
Kickstarter,Terms of Use
Kodak,Privacy Policy
Kraft Heinz Company,Privacy Policy
Kraft Heinz Company,Terms of Service
Kurzgesagt,Cookie Policy
Kurzgesagt,Privacy Policy
LastPass,Privacy Statement
LastPass,Terms of Service
LeetCode,Privacy Policy
Leetcode,Terms of Service
LegalZoom,Privacy Policy
LegalZoom,Terms of Service
LegalZoom,Terms of Use
LEGO.com,Cookie Policy
LEGO.com,Legal Notice
LEGO.com,Privacy Policy
Lenovo,External Submission Policy
Lenovo,Privacy Statement
Lenovo,Privacy Statement
Lenovo,Terms of Use
LibreOffice,Privacy Policy
Lichess,About Lichess
Lichess,Privacy Policy
Lichess,Terms of Service
Lifehack,Privacy Policy
Lifehack,Terms and Conditions
LineageOS,Legal Terms of Service and Privacy Policy
LinkedIn,Cookie Policy
LinkedIn,Do Not Track Policy
LinkedIn,Privacy Policy
LinkedIn,Terms of Service
Linksys,Cookie Policy
Linksys,End User License Agreement
Linksys,Privacy Policy
Linktree,Privacy Policy
Linktree,Terms and Conditions
Linux Mint,Privacy and Cookies Policy
Lionsgate,Privacy Policy
Lionsgate,Terms of Use
Little Caesars,Privacy Policy
Little Caesars,Terms of Service
Logitech,Cookie Policy
Logitech,Product Privacy Policy
Logitech,Returns and Cancellations
Logitech,Terms of Use
Logitech,Web Privacy Policy
Lulu,Privacy Policy
Lulu,Terms of Use
Lumen CenturyLink,Acceptable Use Policy
Lumen CenturyLink,California Privacy Rights
Lumen CenturyLink,GDPR Compliance
Lumen CenturyLink,Internet Service Disclosure
Lumen CenturyLink,Law Enforcement Support
Lumen CenturyLink,Online Security Policy
Lumen CenturyLink,Payment Agreement
Lumen CenturyLink,Peering Policy
Lumen CenturyLink,Website User Agreement
Lumen CenturyLink,Privacy Policy
Lyft,Privacy Policy
Lyft,Terms of Service
MacRumors,Privacy and Data Policy
Macy's,Notice of Privacy Practices
Magoosh,Privacy Policy
Magoosh,Terms of Use
Mailchimp,Acceptable Use Policy
Mailchimp,Additional Terms
Mailchimp,API Use Policy
Mailchimp,Cookie Statement
Mailchimp,Copyright and Trademark Policy
Mailchimp,Privacy Policy
Mailchimp,Terms of Use
Major League Soccer,Terms of Service
Malwarebytes,End-User License Agreement
Malwarebytes,Privacy Policy
Malwarebytes,Terms of Service
MapQuest,Privacy Policy
MapQuest,Terms of Use
Marvell,Privacy Statement
Marvell,Terms of Use
Mastodon Social,Code of Conduct
Mastodon Social,Privacy Policy
Mastodon Social,Terms of Service
Maths Is Fun,Privacy Statement
Mayo Clinic,Privacy Policy
Mayo Clinic,Terms and Conditions
McAfee,Cookie Notice
McAfee,License Agreement
McAfee,Privacy Notice
McAfee,Product Terms of Service
McAfee,Subprocessors List
McAfee,Website Terms of Service
McDonald's,Privacy Policy
McDonald's,Terms and Conditions
McGraw Hill Education,Consumer Purchase Terms
McGraw Hill Education,Customer Privacy Policy
McGraw Hill Education,Terms of Service
McGraw Hill Education,Terms of Use
McGraw Hill Education,User Content Submission Agreement
McGraw Hill,Privacy Notice
McGraw Hill,Terms of Use
Medium,Copyright and DMCA Policy
Medium,Do Not Track Policy
Medium,Privacy Policy
Medium,Terms of Service
Medscape,Cookie Policy
Medscape,Privacy Policy
Medscape,Terms of Use
Merriam-Webster,Privacy Policy
Merriam-Webster,Terms of Use
Microsoft Services,Microsoft Services Agreement
Microsoft Services,21983 Microsoft Services Agreement
Microsoft Services,Microsoft Skype Legal Statement
Microsoft Services,Privacy Statement
Microsoft Services,Privacy Statement
Microsoft Services,Privacy Statement
Microsoft Services,Privacy Statement
Microsoft Services,Services Agreement
Microsoft Services,Services Agreement
Microsoft Services,Terms of Use
Microsoft Store,Privacy Statement
Microsoft Store,Privacy Statement
Microsoft Store,Privacy Statement
Microsoft Store,Privacy Statement
Microsoft Store,Terms of Sale
Microsoft Store,Terms of Use
Minecraft,Privacy Policy
Minecraft,Privacy Policy
Minecraft,Privacy Policy
Minecraft,Privacy Policy
Minecraft,Services Agreement
Minecraft,Services Agreement
Miniclip,Cookie Policy
Miniclip,Privacy Policy
Miniclip,Terms and Conditions
Mint Mobile,Acceptable Use Policy
Mint Mobile,Privacy Policy
Mint Mobile,Return Policy
Mint Mobile,Terms and Conditions
Mint,Legal Information
Mint,Terms of Service
MIT Technology Review,Cookie Statement
MIT Technology Review,Privacy Policy
MIT Technology Review,Terms of Service
Moderna,Privacy Policy
Moderna,Terms and Conditions of Use
Mondelez International,Cookie Notice
Mondelez International,Privacy Policy
Mondelez International,Terms of Use
Moodle,Cookies Policy
Moodle,Privacy Notice
Morning Brew,Privacy Policy
Morning Brew,Terms of Service
Motorola,Privacy Policy
Motorola,Product Privacy Policy
Motorola,Terms of Sale
Mozilla.org,Mozilla Workplace Transition
Mozilla.org,Privacy Policy
Mozilla.org,Website Privacy Policy
Mozilla Persona,Terms of Service
Mozilla Thunderbird,Privacy Policy
Mozilla VPN,Mozilla VPN Privacy Notice
Mozilla VPN,Mozilla VPN Terms of Service
Myspace,Privacy Policy
Myspace,Terms of Service
Naked Juice Company,Privacy Policy
Naked Juice Company,Terms of Use
Namecoin,Privacy Policy
Namecoin,Terms of Use
National Center for Missing and Exploited Children,Terms and Conditions
National Domestic Violence Hotline,Privacy Policy
National Geographic,Code of Ethics
National Geographic,Privacy Policy
National Geographic,Sustainability Policy
National Geographic,Terms of Service
National Hockey League,Terms of Service
National Hockey League,Terms of Service
National Retail Federation,Cookie Policy
National Retail Federation,Privacy Policy
National Retail Federation,Terms and Conditions
Nature's Bounty,Privacy Policy
Nature's Bounty,Terms of Use
NBC News,Cookie Policy
NBC News,Privacy Policy
NBC News,Terms of Service
Nebula,Privacy Policy
Nebula,Terms of Service
NerdWallet,Privacy Policy
NerdWallet,Terms of Use
Nestlé,Terms and Conditions
Netflix,Privacy Statement
Netflix,Terms of Use
Newegg.com,Privacy Policy
Newgrounds,Privacy Policy
Newgrounds,Terms of Use
New Mexico State University,Privacy Policy
Newsweek,Cookie Policy
Newsweek,Privacy Policy
Newsweek,Terms and Conditions
Newsweek,Terms of Sale
New York Times,Privacy Policy
New York Times,Terms of Service
Nextdoor Neighborhoods,Member Agreement
Nextdoor Neighborhoods,Privacy Policy
Niche,Cookie Policy
Niche,Privacy Policy
Nike,Privacy Policy
Nike,Terms of Sale
Nike,Terms of Use
Nintendo,Code of Conduct
Nintendo,Cookies and Interest-Based Advertising
Nintendo,Intellectual Property Policy
Nintendo,Nintendo Account User Agreement
Nintendo,Nintendo Tech Support Forum
Nintendo,Privacy Policy
Nintendo,Terms of Use
Nokia,Cookies
Nokia,HMD Global Privacy Portal
Nokia,User Agreement
NordVPN,Privacy Policy
NordVPN,Terms of Service
NortonLifeLock,Norton Privacy English
NortonLifeLock,Privacy Statement
NortonLifeLock,Terms of Sale
NortonLifeLock,Terms of Use
Norton LifeLock,Website Terms of Use
Norton Safe Web,Cookies and Third Party Analytics
Norton Safe Web,Data Protection Agreements
Norton Safe Web,Licensing and Services Agreement
Norton Safe Web,Norton LifeLock Global Privacy Statement
Norton Safe Web,Norton LifeLock Product and Service Agreement
Norton Safe Web,Terms of Sale
Notion,GDPR Compliance
Notion,Privacy Policy
Notion,Terms and Conditions
NPR,Privacy Policy
Ntegra,Cookie Policy
Ntegra,Privacy Policy
Ntegra,Terms and Conditions
Nvidia,Cookie Policy
Nvidia,Kids Privacy Policy
Nvidia,Privacy Policy
Nvidia,Products and Services Privacy
Occupy Democrats,Privacy Policy
Oculus,Oculus Cookie Policy
Oculus,Supplemental Oculus Data Policy
Oculus,Supplemental Oculus Terms
Ofcom,Cookie Policy
Ofcom,Privacy Statement
Ofcom,Terms of Use
Okta,Cookie Policy
Okta,Privacy Policy
Okta,Security
Okta,Terms of Service
OnlyFans,Privacy Policy
OnlyFans,Terms of Service
OpenAI,Privacy Policy
OpenAI,Service Terms
OpenAI,Sharing and Publication Policy
OpenAI,Terms of Use
OpenStreetMap,Privacy Policy
OpenStreetMap,Terms of Service
Opera,Cookie Policy
Opera,Privacy Policy
Opera,Terms of Service
Oregon,Terms and Conditions
OSU,Copyright Policy
OSU,Privacy Policy
OSU,Terms of Service
Our World in Data,Legal Disclaimer
Our World in Data,Privacy Policy
Overleaf,Terms of Service
Pacer,Privacy Policy
Pacer,Terms of Service
Pandora,9 Day Premium Trial Code
Pandora,Community and Content Policy
Pandora,Intellectual Property Policy
Pandora,Pandora Subscription Terms
Pandora,Terms of Use
Panera,Privacy Policy
Panera,Terms of Use
Panopto,Privacy Policy
Panopto,Terms of Service
Parler,Community Guidelines
Parler,Privacy Policy
Parler,Terms of Service
Pastebin,Cookies Policy
Pastebin,Privacy Statement
Pastebin,Terms of Service
Patreon,Community Guidelines
Patreon,Cookie Policy
Patreon,Security Policy
Patreon,Terms of Use
PayPal,Commercial Entity Agreement
PayPal,Cookie Statement
PayPal,Ebay Billing Agreement
PayPal,Infringement Report Policy
PayPal,PayPal Acceptable Use Policy
PayPal,PayPal Receive Funds and Authorization Agreement
PayPal,PayPal Shops Policy
PayPal,Policy Updates
PayPal,Privacy Policy
PayPal,Privacy Statement
PayPal,User Agreement EU
PayPal,User Agreement
PayPal,User Agreement US
PC World,Affiliate Link Policy
PC World,Cookie Policy
PC World,Privacy Policy
Pennsylvania State University,Accessibility Statement
Pennsylvania State University,Human Resources Policies
Pennsylvania State University,Web Privacy Statement
Pepsi,Privacy Policy
Pfizer,Privacy Policy
Pfizer,Terms of Use
Philip Morris International,Cookie Notice
Philip Morris International,Privacy Notice
Philip Morris International,Terms of Use
Philip Morris USA,Privacy Policy
Philip Morris USA,Terms of Use
Piazza,Copyright Policy
Piazza,FERPA Compliance
Piazza,Privacy Policy
Piazza,Terms of Service
Pink Floyd,Privacy Policy
Pinterest,Personalization and Data Handling
Pinterest,Privacy Policy
Pinterest,Terms of Service
PIP,Cookie Declaration
PIP,Privacy Policy
Pixilart,Privacy Policy
Pixilart,Terms of Use
Plaid,Privacy and Security
Plaid,Privacy and Security
Playmobil,Privacy Policy
Playmobil,Terms of Service
PlayStation Network Services,Cancellation Policy
PlayStation Network Services,Cookies
PlayStation Network Services,PlayStation Network Terms of Service
PlayStation Network Services,Privacy Policy
PlayStation Network Services,PS Now Usage Terms
PlayStation Network Services,PS Plus Usage Terms
PlayStation Network Services,Video Usage Restrictions
PlayStation Network Services,Website Terms of Use
Pluto Labs Inc.,Privacy Policy
Pluto Labs Inc.,Terms of Service
Pluto TV,Cookie Policy
Pluto TV,Privacy Policy
Pluto TV,Terms of Use
PNAS,Terms and Privacy Policy
Pornhub,DMCA Notice of Copyright Infringement
Pornhub,Privacy Policy
Pornhub,Terms and Conditions
Poshmark,Privacy Policy
Poshmark,Terms of Service
Prager University,Privacy Policy
Prager University,Terms and Conditions
Prager University,Uniform Disclosure Statement
Prezi,Cookie Policy
Prezi,End-User License Agreement
Prezi,Intellectual Property Rights
Prezi,Privacy Policy
Prezi,Security Policy
Prezi,Terms of Use
Project Euler,Privacy Policy
Project Gutenberg,Terms of Use
Proton VPN,Does Proton VPN Store User Information?
Proton VPN,Privacy Policy
Proton VPN,Terms and Conditions of Service
Public Broadcasting Service,Privacy Policy
Public Broadcasting Service,Terms of Use
Publishers Clearing House,Privacy Policy
Publishers Clearing House,Terms of Service
Punkt,Cookies Declaration
Punkt,Data Protection Policy
Punkt,Legal Notice
Punkt,Pigeon Privacy Policy
Punkt,Terms and Conditions of Sale
pymetrics,Privacy Policy
Python,Privacy Policy
Qualtrics,Privacy Statement
Qualtrics,Security Statement
Qualtrics,Terms of Service
QuickBooks,Intuit Terms of Service - USA
QuickBooks,Privacy Statement
Quicken,Privacy Statement
Quicken,Terms of Use
Quizlet,Cookie Policy
Quizlet,DMCA
Quizlet,Privacy Policy
Quizlet,Terms of Service
Quora,Privacy Policy
Quora,Terms of Service
Racing.com,Privacy Policy
Racing.com,Responsible Wagering Statement
Racing.com,Terms and Conditions
Rainforest Alliance,Privacy Policy
Rakuten Advertising,Cookie Policy
Rakuten Advertising,GDPR
Rakuten Advertising,Intellectual Property Policy
Rakuten Advertising,Privacy Policy
Rakuten Advertising,Website Privacy Policy
Rakuten,Advertising Disclosure
Rakuten,American Express Membership
Rakuten,Blue Cash Everyday® Card from Amex
Rakuten,California Consumer Privacy Act
Rakuten,Card Linked Offers Terms and Conditions
Rakuten,Cash Back Shopping Program
Rakuten,Credit Card Exclusions
Rakuten,Exclusions and Limitations
Rakuten,Privacy and Security
Rakuten,Privacy Policy
Rakuten,Rakuten Hotels Terms and Conditions
Rakuten,Referral Program Terms
Rakuten,Terms and Conditions
Rakuten,What Data Rakuten Collects
Raspberry Pi Foundation,Cookie Policy
Raspberry Pi Foundation,Privacy Policy
Raspberry Pi,Privacy Policy
Raspberry Pi,Terms and Conditions of Sale
RationalWiki,General Disclaimer
RationalWiki,Privacy Policy
Razer,Cookie Policy
Razer,General Terms of Use
Razer,Privacy Policy
Read the Docs Community,Privacy Policy
Read the Docs Community,Terms of Service
Realtor,Privacy Policy
Reddit,Privacy Policy
Reddit,Content Policy
Reddit,Privacy Policy
Reddit,Reddit User Agreement
Reddit,Terms of Service
RedGIFs,18 U.S.C. 2257 Statement
RedGIFs,DMCA Copyright Policy
RedGIFs,Red GIFs Privacy Policy
RedGIFs,Terms of Service
Red Pocket,Privacy Policy
Red Pocket,Terms and Conditions
Remind,Privacy Policy
Remind,Terms of Service
Replika,Privacy Policy
Replika,Terms of Service
Replit,Replit Privacy Policy
Replit,Terms and Conditions
ResearchGate,Intellectual Property Policy
ResearchGate,Privacy Policy
ResearchGate,Terms of Service
Reuters,Privacy Statement and Cookie Policy
Reuters,Terms of Use
Riot Games League of Legends,Cookie Policy
Riot Games League of Legends,Privacy Notice
Riot Games League of Legends,Terms of Service
Roblox,Roblox
Rockstar Games,Cookies
Rockstar Games,Privacy Policy
Rockstar Games,Terms of Service
Royal Dutch Shell,Cookie Policy
Royal Dutch Shell,Privacy Notices
Royal Dutch Shell,Terms and Conditions
Royal Society of Chemistry,Privacy Policy
Royal Society of Chemistry,Terms of Service
RSS,Privacy Policy
RTL Group,Terms of Use
RT,RT Privacy Policy
RT,Terms of Use
RTÉ,Privacy Policy
RTÉ,Terms and Conditions
Ryanair,Cookies Policy
Ryanair,Privacy Policy
Ryanair,Terms of Use
Safaricom,Privacy Policy
Safaricom,Terms of Use
Saga Communications,Privacy Policy
Saga Communications,Terms of Use
Sainsbury's,Cookie Policy
Sainsbury's,Privacy Policy
Salesforce,Intellectual Property
Salesforce,Privacy Policy
Salesforce,Terms of Service
Sam's Club,Privacy Policy
Sam's Club,Terms of Service
Samsung Knox,End-User License Agreement
Samsung Knox,Privacy Policy
Samsung Knox,Samsung Knox Product Terms
Samsung Knox,Terms of Use
Samsung,Privacy Policy
Sandia National Labs,Privacy Policy for Candidates
Sanofi,Privacy Policy
Sanofi,Terms of Service
Schoology,Privacy Policy
Schoology,Terms of Service
Scientific American,Privacy Policy
Scientific American,Terms of Use
SC Johnson,Privacy Notice
SC Johnson,Privacy Notice
SC Johnson,Privacy Notice
SC Johnson,Terms of Service
Scotiabank,Digital Privacy and Interest
Scotiabank,Online Security Guarantee
Scotiabank,Privacy Agreement
Scotiabank,Terms of Access
SCP Wiki,Privacy Policy
SCP Wiki,Terms of Service
Scratch,DMCA
Scratch,Privacy Policy
Scratch,Privacy Policy
Scratch,Scratch Community Guidelines
Scratch,Terms of Use
Shadow,Cookie Policy
Shadow,Legal Information
Shadow,Privacy Policy
Shadow,Terms of Use
Shopify,Acceptable Use Policy
Shopify,Cookie and Consumer Tracking
Shopify,Cookie Policy
Shopify,Copyright Policy
Shopify,Data Processing Addendum
Shopify,Privacy Policy
Shopify,Shopify Payments Terms of Service
Shopify,Terms of Service
Shoppers Drug Mart,Legal
Shoppers Drug Mart,Privacy Policy
Shutterfly,Privacy and Security
Shutterfly,Terms of Use
Shutterstock,Privacy Policy
Shutterstock,Terms of Service
Sierra Club,Privacy Policy
Sierra Club,Terms and Conditions of Use
Signal,Grand Jury Subpoena
Signal,Signal and the General Data Protection Regulation
Signal,Technical Information
Signal,Terms and Privacy Policy
Signal,Terms of Service and Privacy Policy
SimpliSafe,Privacy Policy
SimpliSafe,Terms of Sale
SimpliSafe,Terms of Use
Sina Weibo,Sina Terms of Use
Sirius XM Radio Inc,Customer Agreement
Sirius XM Radio Inc,Customer Agreement
Sirius XM Radio Inc,Privacy Policy
Sirius XM Radio Inc,Return Policy
Sirius XM Radio Inc,Website Terms of Use
Skillshare,Privacy Policy
Skillshare,Terms of Service
Skribbl.io,Terms of Service
Skynet,Privacy Policy
Skynet,Terms of Use
Slack,Acceptable Use Policy
Slack,Privacy Policy
Slack,Terms of Service
Slither.io,Privacy Policy
Small Business Administration,Privacy Policy
Smithsonian Institution,Privacy Statement
Smithsonian Institution,Terms of Use
Snapchat,Community Geo Filter Terms
Snapchat,Community Guidelines
Snapchat,Cookie Policy
Snapchat,Custom Creative Tools Terms
Snapchat,Lens Studio Terms
Snapchat,Privacy Center
Snapchat,Report Copyright
Snopes,Cookie Policy
Snopes,Privacy Policy
Snopes,Terms of Use
Sony,Privacy Policy
Sony,Terms and Conditions
Sony,Website Terms and Conditions
SoundCloud,Community Guidelines
SoundCloud,Privacy Policy
SoundCloud,Terms of Service
SourceForge,Privacy Statement
SourceForge,Terms of Use
SpanishDict,Privacy Policy
SpanishDict,Terms of Service
Speedtest by Ookla,Privacy Policy
Speedtest by Ookla,Terms of Use
Spotify,Privacy Policy
Spotify,Spotify Terms and Conditions
Spotify,Terms and Conditions of Use
Spotify,Voice Controls
Sprint,Sprint Terms and Conditions
Square,Additional California Privacy Notice
Square,Cookie Policy
Square,General Terms of Service
Square,Privacy Notice
SSRN,Copyright Policy
SSRN,Elsevier Cookie Notice
SSRN,Elsevier Privacy Policy
SSRN,Terms of Use
Stack Exchange,API Terms of Use
Stack Exchange,Content Policy
Stack Exchange,Privacy Policy
Stack Exchange,Terms of Service
Stack Exchange,Trademark Guidance
Stack Overflow,Cookie Policy
Stack Overflow,Data Security and Due Process
Stack Overflow,For Data Controllers
Stack Overflow,For Data Processors and Vendors
Stack Overflow,For Data Subjects
Stack Overflow,Privacy Policy
Stack Overflow,Public Network Terms of Service
Stack Overflow,Stack Exchange Inc. Cookie Policy
Stack Overflow,Stack Exchange Network Access Policy
Stack Overflow,Stack Overflow and Data Security Policy
Stack Overflow,Terms of Service
Stanford University,Privacy Policy
Stanford University,Terms of Use
Staples Inc.,Staples Connect Terms and Conditions
Starlink,Deposit Payment Terms
Starlink,Privacy and Copyright Policy
Starlink,Software License and Usage
Starlink,Starlink Acceptable Use Policy
Starlink,Starlink Specifications
State Farm,Ads and Tracking
State Farm,Notice of Privacy Policy
State Farm,Terms of Use
Steak 'n Shake,Privacy Policy
Steak 'n Shake,Terms of Use
Steam,Legal Information
Steam,Privacy Policy Agreement
Steam,Steam Refunds
Steam,Steam Subscriber Agreement
Stitcher,Privacy Policy
Stitcher,Terms of Service
Strava,Cookie Policy
Strava,Privacy Policy
Strava,Terms of Service
StrawPoll,Privacy Policy
StrawPoll,Terms of Service
Suddenlink,Privacy Policy
Suddenlink,Residential Services Agreement
Suddenlink,Website Terms of Use
Surfshark,Privacy Policy
Surfshark,Terms of Service
SurveyMonkey,Terms of Use
Syracuse University,Privacy Policy
Target,Target Privacy Policy
TaxAct,Privacy Statement
TaxAct,TaxAct Terms of Service
TBS,Privacy Policy USA
TBS,Terms of Use
TechCrunch,Additional Terms of Service
TechCrunch,Code of Conduct
TechCrunch,Privacy Policy
TechCrunch,Terms of Service
Telegram,FAQ
Telegram,Privacy Policy
Telegram,Terms of Service
Tesla,Customer Privacy Notice
Tether,Terms of Service
The Atlantic,Privacy Policy
The Atlantic,Responsible Disclosure of Security Vulnerabilities
The Atlantic,Terms and Conditions
The Bahá'í Faith,Privacy and Terms of Use
The Christian Science Monitor,Privacy Policy
The Christian Science Monitor,Terms of Service
The Church of Jesus Christ of Latter-day Saints,Privacy Notice
The Church of Jesus Christ of Latter-day Saints,Terms of Use
The Guardian,Cookie Policy
The Guardian,Privacy Policy
The Guardian,Terms and Conditions
The Hershey Company,Privacy Policy
The Hershey Company,Terms and Conditions
The Linux Foundation,Privacy Policy
The Linux Foundation,Terms of Use
The Verge,Privacy Policy
The Wall Street Journal,Additional Terms
The Wall Street Journal,California Residents Notice
The Wall Street Journal,Copyright Policy
The Wall Street Journal,Data Policy
The Wall Street Journal,Dow Jones Cookie Notice
The Wall Street Journal,Dow Jones Privacy Notice
The Wall Street Journal,Subscriber Agreement
The Walt Disney Company,Disney Terms of Use
The Walt Disney Company,Walt Disney Privacy Policy
The Washington Times,Privacy Policy
The Washington Times,Terms of Use
TIME,Privacy Policy
TIME,Terms of Service
Tinder,Cookie Policy
Tinder,Privacy Policy
Tinder,Safety and Policy
Tinder,Security
Tinder,Terms of Use
TinyURL,Privacy Policy
TinyURL,Privacy Policy
TinyURL,Terms of Service
ToS;DR Phoenix,Privacy Policy
ToS;DR Phoenix,Terms of Service
ToS;DR,Privacy Policy
ToS;DR,Terms of Contribution
Toyota,Legal Terms
Toyota,Privacy Notice
TransUnion,Foreign Corrupt Practices Act
TransUnion,Terms of Use
Tribune Publishing,Central Terms of Service
Tribune Publishing,Subscriber Terms and Conditions
Trinity Broadcasting Networks,Privacy Rights
Trinity Broadcasting Networks,Terms of Use
Tripadvisor,Privacy Policy
Tripadvisor,Terms of Service
Truth Social,Privacy Policy
Turnitin,End User License Agreement
Turnitin,Privacy Policy
TV Tropes,DMCA Notice
TV Tropes,Privacy Policy
Twitch,Cookie Policy
Twitch,Privacy Notice
Twitch,Terms of Service
Twitter,Privacy Policy
Twitter,Terms of Service
Uber,Privacy Policy
Uber,Terms of Service
Ubisoft,Privacy Policy
Ubisoft,Ubisoft Terms of Use
Ubuntu,Privacy Policy
Ubuntu,Privacy Policy (EN)
Ubuntu,Terms of Service
UCLA,Terms of Use
Udemy,Privacy Policy
Udemy,Terms of Use
Under Armour,Privacy Policy
Under Armour,Terms of Use
UNICEF USA,Privacy Statement
Unilever,Cookie Notice
Unilever,Privacy Notice
United Health Care Services,Privacy Policy
United Health Care Services,Terms of Use
United States Postal Service,Privacy Policy
United States Postal Service,Terms of Use
United Way of Rhode Island,Privacy Policy
United Way of Rhode Island,Terms of Use
Unity,Cookie Policy
Unity,Privacy Policy
Unity,Terms of Service
University of California,Terms and Conditions of Use
University of Kentucky,Privacy Policy
University of Maryland,Privacy Notice
University of South Florida,Privacy Policy
University of Virginia,Privacy Policy
Università Commerciale Luigi Bocconi,Cookie Policy
Università Commerciale Luigi Bocconi,Privacy Policy
Upwork,Privacy Policy
Upwork,Privacy Policy
Upwork,Privacy Policy
Upwork,Privacy Policy
Urban Dictionary,Privacy Policy
Urban Dictionary,Terms of Service
USA Gov – The Official Federal Government of the United States of America,Privacy and Security Policies
USAJOBS,Privacy Policy
USAJOBS,Terms and Conditions
USA Today,California Privacy Policy
USA Today,Privacy Policy
USA Today,Terms of Service
US Department of Justice,Legal Policies
US Department of Justice,Privacy Policy
Usenet,Cancellation Right
Usenet,Conditions for Use
Usenet,DMCA
Usenet,Privacy Statement
Usenet,Terms and Conditions
Valero Energy Corporation,Privacy Statement
Valero Energy Corporation,Terms of Use
Vanguard,Cookie Policy
Vanguard,Privacy Policy
Vanguard,Terms and Conditions
Venmo,Privacy Policy
Venmo,User Agreement
Verisign,Legal Notices and Terms
Verisign,Privacy Statement
Verizon Communications,Terms of Service
ViacomCBS,CBS Interactive Privacy Policy
ViacomCBS,Do Not Sell My Information
ViacomCBS,Privacy Policy
ViacomCBS,Terms of Use
Viagogo,Cookies Policy
Viagogo,Privacy Policy
Viagogo,Terms and Conditions
Viasat,Applicant Privacy Policy
Viasat,Viasat and Exede Subscriber Agreement
Viasat,Viasat General Privacy Notice
Viasat,Viasat In-Flight WiFi Privacy Policy
Viasat,Viasat Managed Website Application
Viasat,Viasat Mobile Applications Terms of Service
Viasat,Wild Blue Subscriber Privacy Policy
Vice,Privacy Policy
Vice,Security Policy
Vice,Terms of Use
Vimeo,Privacy Policy
Vimeo,Terms of Service
Virgin Atlantic,Privacy Policy
Virgin,Cookie Policy
Virgin,Privacy Policy
Virgin,Website Terms of Use
Visa Solution Checkout Pay to Click,Cookies
Visa Solution Checkout Pay to Click,Global Privacy Notice
Visa Solution Checkout Pay to Click,Terms of Service
Vivaldi,Browser Privacy Policy
Vivaldi,Community Terms of Use
Vivaldi,Cookie Policy
Vivaldi,End User License Agreement
Vivaldi,Privacy Policies
Vive,Code of Conduct
Vive,Cookie Preferences
Vive,Privacy Policy
Vive,Returns and Cancellations
Vive,Terms of Use
VIZIO,Limited Warranty
VIZIO,My Vizio Terms of Use
VIZIO,Shipping Terms and Conditions
VIZIO,Terms of Service
VIZIO,Viewing Data Supplement
VIZIO,Vizio Website Terms of Use
Vodafone Group,Privacy Policy
Vodafone Group,Terms and Conditions
Vonage,Privacy Policy
Vonage,Supplemental Terms
Vonage,Terms of Use
Vox Media,Cookie Policy
Vox Media,Privacy Notice
Vox Media,Terms of Use
Vox Media,Vox Media Security Policy
Vox,Cookie Policy
Vox,Privacy Policy
Vox,Terms of Use
W3Schools,Cookies and Privacy Policy
W3Schools,Terms of Use About Copyright
Wall Street Oasis,Privacy Policy
Wall Street Oasis,Terms and Conditions
Walmart,California Privacy Rights
Walmart,Privacy Policy
Warner Bros.,Privacy Policy
Warner Bros.,Terms of Use
Washington Post,Privacy Policy
Washington Post,Terms of Service
WatchMojo.com,Copyright Terms and Privacy Policy
Waymo,Privacy Policy
Waymo,Terms of Service
Waze,Cookie Policy
Waze,Copyright Policy
Waze,Privacy Policy
Waze,Terms of Use
Wealthfront,Privacy Policy
Wealthfront,Terms of Use
Weather Underground,Terms of Use
WebMD,Advertising Policy
WebMD,Cookie Policy
WebMD,Corrections Policy
WebMD,Editorial Policy
WebMD,Privacy Policy
WebMD,Terms and Conditions of Use
Weebly,Privacy Policy
Weebly,Terms of Service
Weights and Biases,Privacy Policy
Welch's,Privacy Policy
Wells Fargo,Terms of Service
WePay,Privacy Policy
WePay,Terms of Service
Whirlpool,Legal Notice
Whirlpool,Privacy Notice United States
Whirlpool,Terms of Use
WikiHow,Cookie Policy
WikiHow,Privacy Policy
WikiHow,Terms of Use
Wikimedia,Privacy Policy
Wikimedia,Terms of Use
Wikipedia,Terms of Use
WinZip,Cookie and Tracking Tool Notice
WinZip,Privacy Statement
WinZip,Terms of Service
Wire,Merged Into Document 262
Wire,Privacy Policy
Wire,Terms of Use Personal
Wise Funeral Home,Privacy Policy
Wise Funeral Home,Terms and Conditions
Wise,Cookie Policy
Wise,Customer Agreement
Wise,Customer Agreement USA
Wise,Global Privacy Policy
Wise,Privacy Policy EU
Wise,Privacy Policy USA
Wise,Terms of Use UK
Wix,Privacy Policy
Wix,Terms of Use
Wizards of the Coast,Cookies
Wizards of the Coast,General Terms
Wizards of the Coast,Privacy Policy
Wolfram Alpha,Privacy Policy
Wolfram Alpha,Terms of Use
WordPress.com,Cookie Policy
WordPress.com,Privacy Policy
WordPress.com,Terms of Service
WordPress.org,Cookie Policy
WordPress.org,Privacy Policy
World of Warcraft,Cookies
Worldometer,Privacy Policy
WPS Office,Auto-Renewal Terms
WPS Office,Cookie Declaration
WPS Office,End-User License Agreement
WPS Office,Privacy Policy
WW Norton,Privacy Policy
WW Norton,Terms of Use
Xfinity,Privacy Policy
Xfinity,Residential Services Agreement
Xfinity,Web Services Terms of Service
XHamster,Privacy Policy
Xiaomi,Privacy Policy
Xiaomi,User Agreement
XVideos,Anti-Piracy Statement
XVideos,Privacy Policy
XVideos,Repeat Infringers Policy
XVideos,Terms of Service
Yahoo,Privacy Policy
Yahoo,Privacy Topic Location
Yahoo,Terms of Service
Yandex,Privacy Policy
Yandex,Terms of Service
Yelp,Privacy Policy
Yelp,Terms of Service
YouGov,Privacy Policy
YouGov,Terms and Conditions of Use
YouPorn,Copyright Policy
YouPorn,Privacy Policy
YouPorn,Terms of Service
YouTube Kids,Notice for Children
YouTube Kids,Parental Guide
YouTube Kids,Privacy Notice
YouTube,Child Safety Policy
YouTube,Community Guidelines
YouTube,Copyright Strike
YouTube,Hate Speech Policy
YouTube,Privacy Policy
YouTube,Terms of Service
YouTube,Violent Criminal Organization
YWCA,Privacy Policy
Zapier,Privacy Policy
Zendesk,Cookie Policy
Zendesk,Privacy Policy
Zendesk,Terms of Use
ZeniMax Media Inc,Privacy Policy
ZeniMax Media Inc,Terms of Service
Zillow,Privacy Policy
Zillow,Terms of Use
Zipcar,Zipcar Membership Contract
ZoomInfo,Privacy Policy
ZoomInfo,Security Overview
ZoomInfo,Website Terms of Use
ZOOM Platform,Privacy Policy
ZOOM Platform,Terms of Service
Zoom Video Communications,Cookie Policy
Zoom Video Communications,Digital Millennium Copyright Act
Zoom Video Communications,Privacy Policy
Zoom Video Communications,Terms of Service
Zoosk,Cookie Policy
Zoosk,Electronic Records Disclosure
Zoosk,Privacy Policy
Zoosk,Terms of Use Agreement
Zotero,Privacy Policy
Zotero,Terms of Service
