Company,Document Type,gemini_cleaned
1Password,AgileBitsPrivacyPolicy,AgileBits Privacy Policy
1Password,TermsofService,Terms of Service
23andMe,CenforceProfessional,Enforce Professional
23andMe,CookiePolicy,Cookie Policy
23andMe,PrivacyPolicy,Privacy Policy
23andMe,TermsofService,Terms of Service
4chan,Legal,Legal
4chan,Rules,Rules
A+ENetworks,CommunityGuidelines,Community Guidelines
A+ENetworks,CookieNotice,Cookie Notice
A+ENetworks,COPYRIGHTPOLICY,Copyright Policy
A+ENetworks,PRIVACYNOTICE,Privacy Notice
A+ENetworks,TERMSOFSERVICE,Terms of Service
AA,privacynotice,Privacy Notice
AA,Termsofuse,Terms of Use
AbbVie,PrivacyNotice,Privacy Notice
AbbVie,TermsofUse,Terms of Use
AbileneChristianUniversity,GeneralUniversityPolicies,General University Policies
AbileneChristianUniversity,PrivacyPolicy,Privacy Policy
AbileneChristianUniversity,UniversityPolicies,University Policies
Academiaedu,CopyrightPolicy,Copyright Policy
Academiaedu,PrivacyPolicy,Privacy Policy
Academiaedu,TermsofService,Terms of Service
ActBlue,PrivacyPolicy,Privacy Policy
ActBlue,TheFinePrint,The Fine Print
ActivisionPublishing,TermsandConditions,Terms and Conditions
ACTwireless,PrivacyPolicy,Privacy Policy
ACTwireless,TermsofService,Terms of Service
ACT,PrivacyPolicy,Privacy Policy
ACT,TermsandConditions,Terms and Conditions
AdblockPlus,PrivacyPolicy,Privacy Policy
AdblockPlus,TermsofUse,Terms of Use
AdobeServices,PrivacyPolicy,Privacy Policy
AdobeServices,TermsofUse,Terms of Use
ADT,DigitalSecurityPrivacyPo,Digital Security Privacy Policy
ADT,DigitalSecurityTermsofUse,Digital Security Terms of Use
ADT,PrivacyPolicy,Privacy Policy
ADT,WebsiteTermsofUse,Website Terms of Use
Affirm,PrivacyPolicy,Privacy Policy
Affirm,TermsofService,Terms of Service
Airbnb,CookiePolicy,Cookie Policy
Airbnb,PrivacyPolicy,Privacy Policy
Airbnb,TermsofService,Terms of Service
AirVPN,PrivacyPolicy,Privacy Policy
AirVPN,TermsofService,Terms of Service
AlbertsonsCompaniesSubsidiaries,AlbertsonsCompaniesPrivac,Albertsons Companies Privacy Policy
AlbertsonsCompaniesSubsidiaries,AlbertsonsCompaniesTerms,Albertsons Companies Terms
AlbertsonsCompaniesSubsidiaries,AntiHumanTrafficking,Anti Human Trafficking Policy
AlbertsonsCompaniesSubsidiaries,CookiesandAdsPolicy,Cookies and Ads Policy
AlbertsonsCompaniesSubsidiaries,DigitalAccessibilityState,Digital Accessibility Statement
AlbertsonsCompaniesSubsidiaries,GMOs,GMOs
AlbertsonsCompaniesSubsidiaries,HIPAANOTICEOFPRIVACYPRA,HIPAA Notice of Privacy Practices
AlbertsonsCompaniesSubsidiaries,LuckyMarketStreetTermsO,Lucky Market Street Terms Of Service
AlbertsonsCompaniesSubsidiaries,LuckysSupplyChainTransp,Lucky's Supply Chain Transparency
AlbertsonsCompaniesSubsidiaries,LuckySupermarketsPrivacy,Lucky Supermarkets Privacy Policy
AlbertsonsCompaniesSubsidiaries,NoticeofNonDiscrimination,Notice of Non-Discrimination
AlibabaGroup,PrivacyPolicy,Privacy Policy
AliExpress,TermsofUse,Terms of Use
AllenInstituteforArtificialIntelligence,TermsandConditionsofUse,Terms and Conditions of Use
AmazonAWS,AWSPrivacyNotice,AWS Privacy Notice
AmazonAWS,AWSServiceTerms,AWS Service Terms
AmazonAWS,AWSServiceTerms,AWS Service Terms
AmazonPrimeVideo,AmazonInterestBasedAds,Amazon Interest Based Ads
AmazonPrimeVideo,AmazonPrivacyNotice,Amazon Privacy Notice
Amazon,AlexaTermsofUse,Alexa Terms of Use
Amazon,AmazonAppstoreforAndroid,Amazon Appstore for Android
Amazon,AmazonCoinsTerms,Amazon Coins Terms
Amazon,AmazonDeviceTermsofUse,Amazon Device Terms of Use
Amazon,AmazonDriveandPrimePhot,Amazon Drive and Prime Photos Terms of Service
Amazon,AmazonGameCircleTermsofUse,Amazon Game Circle Terms of Use
Amazon,AmazonMapsTermsofUse,Amazon Maps Terms of Use
Amazon,AmazonMusicTermsofUse,Amazon Music Terms of Use
Amazon,AmazonPrimeTerms,Amazon Prime Terms
Amazon,AmazonPrivacyNotice,Amazon Privacy Notice
Amazon,AmazonSilkTermsandConditions,Amazon Silk Terms and Conditions
Amazon,BackupandRestoreFAQ,Backup and Restore FAQ
Amazon,ConditionsofUse,Conditions of Use
Amazon,EUUSandSwissUSPrivacy,EU US and Swiss US Privacy Policy
Amazon,FireflyFAQ,Firefly FAQ
Amazon,InterestBasedAds,Interest-Based Ads
Amazon,KindleEReaderandFireTa,Kindle E-Reader and Fire Tablet Terms of Service
Amazon,KindlePersonalDocumentsD,Kindle Personal Documents Delivery
Amazon,KindleSpecialOfferTextN,Kindle Special Offer Text Notification
Amazon,KindleStoreTermsofUse,Kindle Store Terms of Use
Amazon,KindleUnlimitedTermsofUse,Kindle Unlimited Terms of Use
Amazon,LimitedTimeSpecialOffers,Limited Time Special Offers
Amazon,LocationServicesFAQ,Location Services FAQ
Amazon,MonthlyPaymentsTermsandCo,Monthly Payments Terms and Conditions
Amazon,SavingYourWiFiPasswords,Saving Your Wifi Passwords
AmericanRedCross,TermsofUse,Terms of Use
AmnestyInternationalLimitedUK,CookieStatement,Cookie Statement
AmnestyInternationalLimitedUK,PrivacyPolicy,Privacy Policy
Ancestryandservices,CommunityRules,Community Rules
Ancestryandservices,CookiePolicy,Cookie Policy
Ancestryandservices,PrivacyStatement,Privacy Statement
Ancestryandservices,RenewalandCancellationTerms,Renewal and Cancellation Terms
Ancestryandservices,TermsandConditions,Terms and Conditions
Androidවැඩකාරයෝ,PrivacyPolicy,Privacy Policy
AON,TermsofUse,Terms of Use
Apache,PrivacyPolicy,Privacy Policy
ApartmentList,PrivacyPolicy,Privacy Policy
ApartmentList,TermsofUse,Terms of Use
APNEWS,PrivacyPolicy,Privacy Policy
APNEWS,TERMSOFUSE,Terms of Use
AppleMediaServicesDEPRECATED,AppleMediaServicesTerms,Apple Media Services Terms
AppleServices,AppleSupportCommunitiesU,Apple Support Communities Use
AppleServices,ApplicationBasedServices,Application Based Services
AppleServices,GameCenterTermsandCondi,Game Center Terms and Conditions
AppleServices,iCloudTermsofService,iCloud Terms of Service
AppleServices,iTunesTermsofService,iTunes Terms of Service
AppleServices,PrivacyPolicy,Privacy Policy
AppleServices,ShazamTermsofUse,Shazam Terms of Use
AppleServices,WebsiteTermsofService,Website Terms of Service
AP,PRIVACYPOLICY,Privacy Policy
AP,TERMSANDCONDITIONS,Terms and Conditions
Aquafina,PrivacyPolicy,Privacy Policy
Aquafina,TermsandConditions,Terms and Conditions
Aramark,PrivacyPolicy,Privacy Policy
Aramark,Terms,Terms of Service
ArchLinux,CodeofConduct,Code of Conduct
ArchLinux,PrivacyPolicy,Privacy Policy
ArchLinux,TrademarkPolicy,Trademark Policy
AristaNetworks,PrivacyPolicy,Privacy Policy
AristaNetworks,TermsofUse,Terms of Use
ArizonaStateUniversityOnline,PrivacyStatements,Privacy Statements
ArmyNationalGuard,PRIVACYPOLICY,Privacy Policy
ArsTechnica,AffiliateLinkPolicy,Affiliate Link Policy
ArsTechnica,PrivacyPolicy,Privacy Policy
ArsTechnica,UserAgreementandPrivacyPo,User Agreement and Privacy Policy
Asana,CookiePolicy,Cookie Policy
Asana,PrivacyPolicy,Privacy Policy
Asana,TermsofService,Terms of Service
AshleyHomeAndFurniture,PrivacyPolicy,Privacy Policy
AshleyHomeAndFurniture,TermsOfUse,Terms of Use
Asus,PrivacyPolicy,Privacy Policy
Asus,TermsofUse,Terms of Use
ATandT,AcceptableUsePolicy,Acceptable Use Policy
ATandT,InternetTermsofService,Internet Terms of Service
ATandT,WirelessPlanTerms,Wireless Plan Terms
Atari,CookiesPolicy,Cookies Policy
Atari,PrivacyPolicy,Privacy Policy
Atari,TermsofUse,Terms of Use
AtlantaJournalConstitution,PrivacyPolicy,Privacy Policy
AtlantaJournalConstitution,VisitorAgreement,Visitor Agreement
Atlassian,AtlassianCloudToS,Atlassian Cloud ToS
Atlassian,CookiesandTrackingNotice,Cookies and Tracking Notice
Atlassian,Mergedintodocument152by,Merged Into Document 152
Atlassian,OperationsandSecurity,Operations and Security
Atlassian,PrivacyPolicy,Privacy Policy
Atlassian,TrelloPrivacyPolicy,Trello Privacy Policy
AutismSpeaks,PrivacyPolicy,Privacy Policy
AutismSpeaks,TermsofService,Terms of Service
AutoLoanExpress,PrivacyPolicy,Privacy Policy
AutoLoanExpress,TermsandConditions,Terms and Conditions
BainandCompany,CookiePolicy,Cookie Policy
BainandCompany,PrivacyPolicy,Privacy Policy
BainandCompany,TermsofUse,Terms of Use
Ballotpedia,GeneralDisclaimer,General Disclaimer
Ballotpedia,PrivacyPolicy,Privacy Policy
Bandcamp,CopyrightPolicy,Copyright Policy
Bandcamp,PrivacyPolicy,Privacy Policy
Bandcamp,TermsofUse,Terms of Use
BBC,PrivacyandCookiesPolicy,Privacy and Cookies Policy
BBC,TermsofUse,Terms of Use
Belkin,EndUserLicenseAgreement,End User License Agreement
Belkin,PrivacyPolicy,Privacy Policy
Belkin,Security,Security
Belkin,TermsofUse,Terms of Use
BentleyMotors,CookiePolicy,Cookie Policy
BentleyMotors,PrivacyPolicy,Privacy Policy
BentleyMotors,TermsandConditions,Terms and Conditions
BeReal1,PrivacyPolicy,Privacy Policy
BeReal1,TERMSOFUSE,Terms of Use
Bereal,PrivacyPolicy,Privacy Policy
Bereal,TERMSOFUSE,Terms of Use
BetterHelp,PrivacyPolicy,Privacy Policy
BetterHelp,TermsandConditions,Terms and Conditions
Bing,PrivacyPolicy,Privacy Policy
Bing,PrivacyPolicy,Privacy Policy
Bing,ServicesAgreement,Services Agreement
Bing,ServicesAgreement,Services Agreement
BitDefender,GDPRCompliance,GDPR Compliance
BitDefender,LegalIntelectualProperty,Legal Intellectual Property
BitDefender,PersonalDataNoticeforBu,Personal Data Notice
BitDefender,PrivacyPolicyforBitdefen,Privacy Policy
BitTorrent,CopyrightInfringementPolicy,Copyright Infringement Policy
BitTorrent,EndUserLicenseAgreement,End User License Agreement
BitTorrent,PrivacyPolicy,Privacy Policy
BitTorrent,TermsofUse,Terms of Use
BitTorrent,TermsofUseBitTorrentNow,Terms of Use
BlaBlaCar,CookiesPolicy,Cookies Policy
BlaBlaCar,PrivacyPolicy,Privacy Policy
BlaBlaCar,TermsandConditions,Terms and Conditions
BlackLivesMatterGlobalNetworkFoundationInc,PrivacyPolicy,Privacy Policy
BlackRock,PrivacyPolicy,Privacy Policy
BlackRock,PrivacyPolicy,Privacy Policy
BlackRock,TermsandConditions,Terms and Conditions
BleepingComputer,EthicsStatement,Ethics Statement
BleepingComputer,PrivacyPolicy,Privacy Policy
BleepingComputer,TermsofUse,Terms of Use
Blizzard,BlizzardEntertainmentDisp,Blizzard Entertainment Disclaimer
Blizzard,EndUserLicenseAgreement,End User License Agreement
Blizzard,PrivacyPolicy,Privacy Policy
Blogspot,PrivacyPolicy,Privacy Policy
Blogspot,TermsofService,Terms of Service
BloombergLP,TermsofService,Terms of Service
Bluraycom,LegalNotices,Legal Notices
Bluraycom,PrivacyPolicy,Privacy Policy
BobBarker,PrivacyPolicy,Privacy Policy
Boingo,HealthExcite,Health Excite
Boingo,PrivacyPolicy,Privacy Policy
Boingo,TermsofServiceandAccept,Terms of Service and Acceptable Use Policy
Bookingcom,PrivacyStatement,Privacy Statement
Bookingcom,TermsandConditions,Terms and Conditions
BoxOfficeMojo,ConditionsofUse,Conditions of Use
BoxOfficeMojo,PrivacyPolicy,Privacy Policy
BoyScoutsofAmerica,DonorPrivacyPolicy,Donor Privacy Policy
BoyScoutsofAmerica,PrivacyPolicy,Privacy Policy
BoyScoutsofAmerica,TermsandConditions,Terms and Conditions
Brave,BraveRewardsAdvertiserP,Brave Rewards Advertiser Program
Brave,BraveRewardsPublisherTe,Brave Rewards Publisher Terms
Brave,BraveRewardsUserTermso,Brave Rewards User Terms of Service
Brave,Bravewebsitesforumsand,Brave Websites Forums and
Brave,Privacypolicy,Privacy Policy
Brave,publishersandcontentcrea,Publishers and Content Creators
Brave,Termsofpolicydocument,Terms of Policy Document
BreitbartNewsNetwork,PrivacyPolicy,Privacy Policy
BreitbartNewsNetwork,Terms,Terms of Service
Brightcove,PrivacyPolicy,Privacy Policy
Brightcove,TermsandConditions,Terms and Conditions
Brilliant,CookiePolicy,Cookie Policy
Brilliant,PrivacyPolicy,Privacy Policy
Brilliant,TermsofUse,Terms of Use
BritishAirways,Cookies,Cookies
BritishAirways,PrivacyPolicy,Privacy Policy
BritishAirways,WebsiteSecurity,Website Security
BritishAirways,WebsiteTermsandConditions,Website Terms and Conditions
Broadcom,CookiePolicy,Cookie Policy
Broadcom,LicenseandServiceTermsand,License and Service Terms
Broadcom,PrivacyPolicy,Privacy Policy
Broadcom,TermsofUse,Terms of Use
Bumble,CookiesPolicy,Cookies Policy
Bumble,PrivacyPolicy,Privacy Policy
Bumble,TermsofService,Terms of Service
BurgerKing,Accessibility,Accessibility
BurgerKing,PrivacyPolicy,Privacy Policy
BurgerKing,TermsofService,Terms of Service
BurningManProject,ePlayaTermsofService,ePlaya Terms of Service
BurningManProject,GalleryTermsandConditions,Gallery Terms and Conditions
BurningManProject,HiveTermsofService,Hive Terms of Service
BurningManProject,PrivacyPolicy,Privacy Policy
BurningManProject,TermsofServiceforAPIsa,Terms of Service
BurningManProject,TicketTermsandConditions,Ticket Terms and Conditions
BurningManProject,YearRoundEventTermsandCo,Year Round Event Terms and Conditions
Buzzfeed,DMCA,DMCA
Buzzfeed,PrivacyPolicy,Privacy Policy
Buzzfeed,UserAgreement,User Agreement
Cameo,PrivacyPolicy,Privacy Policy
Cameo,TermsofService,Terms of Service
Cameo,TermsofService,Terms of Service
Canvas,CookiePolicy,Cookie Policy
Canvas,EmployerTermsofUse,Employer Terms of Use
Canvas,PrivacyPolicy,Privacy Policy
Canvas,TermsofUse,Terms of Use
Canva,CookiePolicy,Cookie Policy
Canva,TermsofUse,Terms of Use
CapitalG,PrivacyPolicy,Privacy Policy
CapitalOneShopping,PrivacyPolicy,Privacy Policy
CapitalOneShopping,TermsofService,Terms of Service
CashApp,PrivacyPolicy,Privacy Policy
CashApp,TermsofService,Terms of Service
CashApp,TermsofServiceSquareInc,Terms of Service
Cengage,CengagePrivacyNotice,Cengage Privacy Notice
Cengage,CengagePrivacyOverview,Cengage Privacy Overview
Cengage,TermsofUse,Terms of Use
CentOS,PrivacyPolicy,Privacy Policy
champssports,PrivacyStatement,Privacy Statement
champssports,TermsofUse,Terms of Use
CharlesSchwab,PrivacyPolicy,Privacy Policy
Chase,TermsofUse,Terms of Use
Chegg,CitationMachineCookieNotice,Citation Machine Cookie Notice
Chegg,CookieNotice,Cookie Notice
Chegg,TermsofUse,Terms of Use
Chesscom,PrivacyPolicy,Privacy Policy
Chesscom,TermsofService,Terms of Service
ChipotleMexicanGrill,PRIVACYPOLICY,Privacy Policy
ChipotleMexicanGrill,TERMSOFUSE,Terms of Use
Chocolatey,Privacypolicy,Privacy Policy
Cinemax,AdChoices,Ad Choices
Cinemax,PrivacyPolicy,Privacy Policy
Cinemax,TermsofUse,Terms of Use
Cisco,CopyrightUseandPolicies,Copyright Use and Policies
Cisco,EndUserLicenseAgreement,End User License Agreement
Cisco,Guidelines,Guidelines
Cisco,OnlinePrivacyStatement,Online Privacy Statement
Cisco,WebsiteTermsofUse,Website Terms of Use
CityofSacramento,GeneralDisclaimerConditi,General Disclaimer Conditions
ClemsonUniversity,WebsiteInformation,Website Information
ClemsonUniversity,WhistleblowerandNonRetal,Whistleblower and Non-Retaliation Policy
Clickio,PRIVACYPOLICY,Privacy Policy
Clickio,TERMSANDCONDITIONS,Terms and Conditions
Cloudflare,CloudflareCookiePolicy,Cloudflare Cookie Policy
Cloudflare,CloudflarePrivacyPolicy,Cloudflare Privacy Policy
Cloudflare,CloudflareSelfServeSubsc,Cloudflare Self-Serve Subscription Agreement
Cloudflare,WebsiteTermsofUse,Website Terms of Use
CNet,TermsofUse,Terms of Use
CNN,PrivacyandCookiesPolicy,Privacy and Cookies Policy
CNN,TermsofUse,Terms of Use
Codewars,PrivacyPolicy,Privacy Policy
Codewars,WebsiteTermsofService,Website Terms of Service
Coinbase,CBPaymentsandCOINBASEUKP,Coinbase Payments and Coinbase UK Privacy Policy
Coinbase,COINBASECOOKIEPOLICY,Coinbase Cookie Policy
Coinbase,CoinbaseMarketsTradingRules,Coinbase Markets Trading Rules
Coinbase,COINBASEUSERAGREEMENT,Coinbase User Agreement
Coinbase,MARKETDATATERMSOFUSE,Market Data Terms of Use
CollegeBoard,AccesstoYourInformation,Access to Your Information
CollegeBoard,CommunicationsandMarketi,Communications and Marketing Policy
CollegeBoard,CookiesandDoNotTrackSi,Cookies and Do Not Track
CollegeBoard,InformationUseandDisclosure,Information Use and Disclosure
CollegeBoard,PersonallyIdentifiableInf,Personally Identifiable Information
CollegeBoard,PrivacyStatement,Privacy Statement
CollegeBoard,SecurityofInformation,Security of Information
CollegeBoard,SiteTermsandConditions,Site Terms and Conditions
CommonApplication,PrivacyPolicy,Privacy Policy
CommonApplication,TermsofUse,Terms of Use
CommonSenseMedia,PrivacyPolicy,Privacy Policy
CommonSenseMedia,TermsofUse,Terms of Use
ConsumerProductSafetyCommission,PrivacyPolicy,Privacy Policy
ConsumerReports,PrivacyPolicy,Privacy Policy
CoolMathGames,PrivacyPolicy,Privacy Policy
CoolMathGames,TermsOfUse,Terms of Use
CrainsChicagoBusiness,PrivacyPolicy,Privacy Policy
CreditKarma,CCPARights,CCPA Rights
CreditKarma,PrivacyPolicy,Privacy Policy
CreditKarma,SecurityPractices,Security Practices
CreditKarma,TermsofService,Terms of Service
CreditKarma,UserContentRules,User Content Rules
CricketWireless,PrivacyPolicy,Privacy Policy
CricketWireless,TermsofUse,Terms of Use
CrowdStrike,CookieNotice,Cookie Notice
CrowdStrike,PrivacyNotice,Privacy Notice
CrowdStrike,WEBSITETERMSOFUSE,Website Terms of Use
Crunchyroll,PrivacyPolicy,Privacy Policy
Crunchyroll,TermsofService,Terms of Service
CVS,PrivacyPolicy,Privacy Policy
Dailymotion,CookiePolicy,Cookie Policy
Dailymotion,CopyrightNotification,Copyright Notification
Dailymotion,PrivacyPolicy,Privacy Policy
Dailymotion,ProhibitedContent,Prohibited Content
Dailymotion,TermsofUse,Terms of Use
DairyQueen,PrivacyStatement,Privacy Statement
DairyQueen,TermsandConditions,Terms and Conditions
DairyQueen,VisitorAgreement,Visitor Agreement
Dash,PrivacyPolicy,Privacy Policy
Dash,TermsofUse,Terms of Use
Datadog,CookiePolicy,Cookie Policy
Datadog,PrivacyPolicy,Privacy Policy
Datadog,TermsofUse,Terms of Use
Dell,ConsumerTermsofSale,Consumer Terms of Sale
Dell,Cookies,Cookies
Dell,PrivacyPolicy,Privacy Policy
Dell,WebsiteTermsofUse,Website Terms of Use
Desmos,PrivacyandCookiePolicy,Privacy and Cookie Policy
Desmos,StudentDataPrivacyStatement,Student Data Privacy Statement
Desmos,TermsofService,Terms of Service
DeviantArt,CopyrightPolicy,Copyright Policy
DeviantArt,DeviantArtIncPrivacyP,Deviant Art Inc Privacy Policy
DeviantArt,EtiquettePolicy,Etiquette Policy
DeviantArt,PrivacyPolicy,Privacy Policy
DeviantArt,TermsofService,Terms of Service
Dictionarycom,PrivacyandCookiePolicyTe,Privacy and Cookie Policy
Discord,CommunityGuidelines,Community Guidelines
Discord,PrivacyPolicy,Privacy Policy
Discord,TermsOfService,Terms of Service
DiscoveryEducation,CookiePolicy,Cookie Policy
DiscoveryEducation,TermsofUse,Terms of Use
Discovery,PrivacyPolicy,Privacy Policy
Discovery,TrackingTechnologiesNotic,Tracking Technologies Notice
Discovery,VisitorAgreement,Visitor Agreement
Disney+,CookiePolicy,Cookie Policy
Disney+,PrivacyPolicy,Privacy Policy
Disney+,UkandEUprivacyrights,UK and EU Privacy Rights
donotpay,termsofserviceandprivac,Terms of Service and Privacy Policy
DoorDash,PrivacyPolicy,Privacy Policy
DoorDash,TermsofService,Terms of Service
Dropbox,AcceptableUsePolicy,Acceptable Use Policy
Dropbox,Cookies,Cookies
Dropbox,Mergedintodocument21by,Merged Into Document 21
Dropbox,PrivacyPolicy,Privacy Policy
Dropbox,PrivacyPolicyFAQ,Privacy Policy FAQ
Dropbox,Terms,Terms of Service
DuckDuckGo,PrivacyPolicy,Privacy Policy
Duolingo,PrivacyPolicy,Privacy Policy
Duolingo,TermsofService,Terms of Service
Dyson,ReturnsPolicy,Returns Policy
eBay,Cookienotice,Cookie Notice
eBay,UserAgreement,User Agreement
eBay,UserPrivacyNotice,User Privacy Notice
Edmodo,OptimumWellness,Optimum Wellness
Edmodo,Privacypolicy,Privacy Policy
edX,PrivacyPolicy,Privacy Policy
edX,TermsofServiceandHonor,Terms of Service and Honor
ElectronicArts,Legal,Legal
ElectronicArts,PrivacyPolicy,Privacy Policy
ElectronicArts,Security,Security
ElectronicArts,SMSTerms,SMS Terms
ElectronicFrontierFoundation,PrivacyPolicy,Privacy Policy
EncyclopediaBritannica,PrivacyPolicy,Privacy Policy
EncyclopediaBritannica,TermsofUse,Terms of Use
EpicGames,EnableMultiFactorAuthent,Enable Multi-Factor Authentication
EpicGames,FanContentPolicy,Fan Content Policy
EpicGames,PrivacyPolicy,Privacy Policy
EpicGames,TermsofService,Terms of Service
Ethereum,CookiePolicy,Cookie Policy
Ethereum,PrivacyPolicy,Privacy Policy
Ethereum,TermsofUse,Terms of Use
Etsy,CookiesandSimilarTechnolog,Cookies and Similar Technologies
Etsy,PrivacyPolicy,Privacy Policy
Etsy,TermsofUse,Terms of Use
Etsy,TermsofUseupdated,Terms of Use
Euronews,Cookiesandprivacypolicy,Cookies and Privacy Policy
Euronews,TermsandConditions,Terms and Conditions
Eventbrite,CookieStatement,Cookie Statement
Eventbrite,PrivacyPolicy,Privacy Policy
Eventbrite,TermsofService,Terms of Service
EVEOnline,EVEOnlineCookies,Eve Online Cookies
EVEOnline,EVEOnlineEndUserLicen,EVE Online End User License Agreement
EVEOnline,EVEOnlinePrivacyPolicy,Eve Online Privacy Policy
EVEOnline,EVEOnlineTermsofService,EVE Online Terms of Service
Evernote,EvernoteDataUsage,Evernote Data Usage Policy
Evernote,PrivacyPolicy,Privacy Policy
Evernote,TermsofService,Terms of Service
Facebook,CookiePolicy,Cookie Policy
Facebook,DataPolicy,Data Policy
Facebook,PrivacyBasics,Privacy Basics
Facebook,TermsofService,Terms of Service
Facebook,WhatinformationdoesFaceb,What Information Does Facebook Collect
Factorio,PRIVACYPOLICY,Privacy Policy
Factorio,TERMSOFSERVICE,Terms of Service
FairVote,PrivacyPolicy,Privacy Policy
FairVote,TermsofUse,Terms of Use
FamilySearch,PrivacyNotice,Privacy Notice
FamilySearch,TermsofUse,Terms of Use
Fandango,CookiesandTracking,Cookies and Tracking
Fandango,DoNotSellMyInfo,Do Not Sell My Info
Fandango,PrivacyPolicy,Privacy Policy
Fandango,TermsofUse,Terms of Use
Fandom,PrivacyPolicy,Privacy Policy
Fandom,TermsofUse,Terms of Use
FanFiction,CookiesPolicy,Cookies Policy
FanFiction,PrivacyPolicy,Privacy Policy
FanFiction,TermsofService,Terms of Service
FederalTradeCommission,PrivacyPolicy,Privacy Policy
FeedingAmerica,DonorPrivacyPolicy,Donor Privacy Policy
FeedingAmerica,PrivacyPolicy,Privacy Policy
FIFA,CookiePolicy,Cookie Policy
FIFA,PrivacyPolicy,Privacy Policy
FIFA,TermsofService,Terms of Service
Figma,Privacypolicy,Privacy Policy
Figma,TermsofService,Terms of Service
Fitbit,CookiesandSimilarTechnol,Cookies and Similar Technologies
Fitbit,PrivacyPolicy,Privacy Policy
Fitbit,TermsofService,Terms of Service
Fiverr,PrivacyPolicy,Privacy Policy
Fiverr,TermsofService,Terms of Service
Flickr,AdditionalTermsofService,Additional Terms of Service
Flickr,CommunityGuidelines,Community Guidelines
Flickr,CommunityGuidelinesApri,Community Guidelines
Flickr,CookiesPolicyAugust19t,Cookies Policy August 19
Flickr,DataProcessingPolicyDa,Data Processing Policy
Flickr,FlickrPrivacyPolicy,Flickr Privacy Policy
Flickr,PolicyonCookies,Policy on Cookies
Flickr,PrivacyPolicyApril3th,Privacy Policy April 3
Flickr,PrivacyPolicyJanuary2,Privacy Policy January 2
Flickr,TermsandConditionsofUse,Terms and Conditions of Use
Flickr,TermsofServiceApril3,Terms of Service April 3
Flipkart,PrivacyPolicy,Privacy Policy
Flipkart,TermsofService,Terms of Service
Flipkart,TermsofService,Terms of Service
FoodandDrugAdministration,PrivacyPolicy,Privacy Policy
FoodLion,LegalTermsandConditions,Legal Terms and Conditions
FoodLion,PrivacyStatement,Privacy Statement
FootLocker,EuropeCookiePolicyEnglish,Europe Cookie Policy English
FootLocker,EuropePrivacyStatementE,Europe Privacy Statement
FootLocker,TermsandConditionsEnglish,Terms and Conditions English
Forbes,PrivacyStatement,Privacy Statement
Forbes,TermsandConditions,Terms and Conditions
Foursquare,CCPA,CCPA
Foursquare,Cookiepolicy,Cookie Policy
Foursquare,PrivacyPolicy,Privacy Policy
Foursquare,TermsofUse,Terms of Use
FoxNews,ClosedCaptioningPolicy,Closed Captioning Policy
FoxNews,DoNotSellMyPersonalInf,Do Not Sell My Personal Information
FoxNews,PrivacyPolicy,Privacy Policy
FoxNews,TermsofUse,Terms of Use
FreeSoftwareFoundation,DMCANotice,DMCA Notice
FreeSoftwareFoundation,PrivacyPolicy,Privacy Policy
FTX,PrivacyPolicy,Privacy Policy
FTX,TermsofService,Terms of Service
Garmin,PrivacePolicyUSA,Privacy Policy USA
Garmin,TermsofUseUSA,Terms of Use USA
GatherTown,DataProcessingAgreement,Data Processing Agreement
GatherTown,PrivacyPolicy,Privacy Policy
GatherTown,TermsofService,Terms of Service
GeneralMills,CookiePolicy,Cookie Policy
GeneralMills,PrivacyPolicy,Privacy Policy
GeneralMills,Terms,Terms of Service
GenshinImpact,PrivacyPolicy,Privacy Policy
GenshinImpact,TermsofService,Terms of Service
GettyImages,ImagesContentLicenseAgre,Images Content License Agreement
GettyImages,Privacypolicy,Privacy Policy
GettyImages,TermsofUse,Terms of Use
GirlsWhoCode,PrivacyPolicy,Privacy Policy
GirlsWhoCode,TermsofUse,Terms of Use
GitHubandGlobalPrivacyControl,PrivacyPolicy,Privacy Policy
GitHubandGlobalPrivacyControl,Security,Security
GitHubandGlobalPrivacyControl,TermsofService,Terms of Service
GitLab,PrivacyPolicy,Privacy Policy
GitLab,WebsiteTermsofUse,Website Terms of Use
Glassdoor,PrivacyandCookiePolicy,Privacy and Cookie Policy
GoDaddy,CookiePolicy,Cookie Policy
GoDaddy,DomainNameProxyAgreement,Domain Name Proxy Agreement
GoDaddy,DomainNameRegistrationAg,Domain Name Registration Agreement
GoDaddy,PrivacyPolicy,Privacy Policy
GoDaddy,UniformDomainNameDispute,Uniform Domain Name Dispute Resolution Policy
GoDaddy,UniversalTermsOfService,Universal Terms of Service
Goodreads,CookieNotice,Cookie Notice
Goodreads,PrivacyPolicy,Privacy Policy
Goodreads,TermsofService,Terms of Service
GoogleAnalytics,GoogleAnalyticsTermsofS,Google Analytics Terms of Service
GoogleAnalytics,GooglePrivacyPolicy,Google Privacy Policy
GoogleAnalytics,PolicyrequirementsforGoo,Policy Requirements
GoogleChrome,GoogleChromePrivacyWhit,Google Chrome Privacy White Paper
GooglePay,PrivacyNotice,Privacy Notice
Google,PrivacyPolicy,Privacy Policy
Google,TermsofService,Terms of Service
GOVUK,Cookies,Cookies
GOVUK,Privacynotice,Privacy Notice
GOVUK,Termsandconditions,Terms and Conditions
Grammarly,PrivacyPolicy,Privacy Policy
Grammarly,TermsofServiceandLicens,Terms of Service and License
GreatWolfResorts,CookiePolicy,Cookie Policy
GreatWolfResorts,PrivacyPolicyandTermsand,Privacy Policy and Terms
GrubHub,DataprivacyatGrubhub,Data Privacy at Grubhub
GrubHub,PrivacyPolicy,Privacy Policy
GrubHub,TermsOfUse,Terms of Use
GSK,Cookiepolicy,Cookie Policy
GSK,Legalnotices,Legal Notices
GSK,PrivacyNotice,Privacy Notice
GSK,Termsofuse,Terms of Use
Habbo,PrivacyPolicy,Privacy Policy
Habbo,TermsofService,Terms of Service
HackerNews,HackerNewsGuidelines,Hacker News Guidelines
HackerNews,PrivacyPolicy,Privacy Policy
HackerNews,TermsofUse,Terms of Use
HackerRank,PrivacyPolicy,Privacy Policy
HackerRank,TermsofService,Terms of Service
Hallmark,CROWNMEDIAFAMILYNETWORK,Crown Media Family Network
Hallmark,HallmarkBusinessConnectio,Hallmark Business Connection
Hallmark,HallmarkPrivacyandSecurity,Hallmark Privacy and Security Policy
Hallmark,PrivacyPolicy,Privacy Policy
Hallmark,TERMSOFUSE,Terms of Use
Hallmark,TermsofUseandTermsofSale,Terms of Use and Terms of Sale
Handshake,Privacypolicy,Privacy Policy
Handshake,TermsofService,Terms of Service
HBOMax,TermsofUse,Terms of Use
HBO,PrivacyPolicy,Privacy Policy
HBO,TermsofUse,Terms of Use
Hearst,PrivacyNotice,Privacy Notice
Hearst,TermsofUse,Terms of Use
Herbalife,PrivacyPolicy,Privacy Policy
Herbalife,TermsofUse,Terms of Use
Heroku,AcceptableUsePolicy,Acceptable Use Policy
Heroku,MasterSubscriptionAgreement,Master Subscription Agreement
Heroku,PrivacyStatement,Privacy Statement
Heroku,TermsofService,Terms of Service
Hertzcarsales,PRIVACYSTATEMENT,Privacy Statement
Hertzcarsales,TERMSANDCONDITIONSOFUSE,Terms and Conditions of Use
HillshireFarm,TERMSOFUSE,Terms of Use
hinge,CookiePolicy,Cookie Policy
hinge,PrivacyPolicy,Privacy Policy
hinge,Terms,Terms of Service
Honeywell,CookieNotice,Cookie Notice
Honeywell,CookieNotice,Cookie Notice
Honeywell,CookieNotice,Cookie Notice
Honeywell,CookieNotice,Cookie Notice
Honeywell,PrivacyStatement,Privacy Statement
Honeywell,PrivacyStatement,Privacy Statement
Honeywell,PrivacyStatement,Privacy Statement
Honeywell,Terms,Terms of Service
Honey,PrivacyPolicy,Privacy Policy
Hostelworld,CookiesPolicy,Cookies Policy
Hostelworld,PrivacyPolicy,Privacy Policy
Hostelworld,TermsandConditions,Terms and Conditions
HowToGeek,PrivacyPolicy,Privacy Policy
HowToGeek,TermsofService,Terms of Service
HPHewlettPackard,CookiePolicy,Cookie Policy
HPHewlettPackard,LimitedWarranty,Limited Warranty
HPHewlettPackard,PersonalDataRights,Personal Data Rights
HPHewlettPackard,PrivacyStatement,Privacy Statement
HPHewlettPackard,ProductRecalls,Product Recalls
HPHewlettPackard,TermsofUse,Terms of Use
HuaweiCentral,CopyrightPolicy,Copyright Policy
HuaweiCentral,PrivacyPolicy,Privacy Policy
Huawei,CookiesPolicy,Cookies Policy
Huawei,PrivacyPolicy,Privacy Policy
Huawei,TermsofUse,Terms of Use
HubSpot,AcceptableUsePolicy,Acceptable Use Policy
HubSpot,CookiePolicy,Cookie Policy
HubSpot,DataProcessingAgreement,Data Processing Agreement
HubSpot,JurisdictionSpecificTerms,Jurisdiction Specific Terms
HubSpot,PrivacyPolicy,Privacy Policy
HubSpot,ProductPrivacyPolicy,Product Privacy Policy
HubSpot,ProductSpecificTerms,Product Specific Terms
HubSpot,WebsiteTermsofUse,Website Terms of Use
HuffPost,PrivacyPolicy,Privacy Policy
HuffPost,TermsofService,Terms of Service
HughesNet,HughesWebsitePrivacyPolicy,Hughes Website Privacy Policy
HughesNet,HughesWebsiteTermsofUse,Hughes Website Terms of Use
Hulu,PrivacyPolicy,Privacy Policy
Hulu,TermsofUse,Terms of Use
HumanRightsFoundation,PrivacyPolicy,Privacy Policy
IBM,Privacy,Privacy Policy
IBM,TermsofService,Terms of Service
ICANN,Cookiespolicy,Cookies Policy
ICANN,Privacypolicy,Privacy Policy
ICANN,Termsofservice,Terms of Service
iCloud,CanadaEnglishTermsand,Canada English Terms and Conditions
iCloud,iCloudsecurityoverview,iCloud Security Overview
iCloud,Privacypolicy,Privacy Policy
iCloud,TermsofServiceEU,Terms of Service EU
iCloud,TermsofServiceUS,Terms of Service US
iFixit,Privacy,Privacy Policy
iFixit,TermsofUse,Terms of Use
iFunny,PrivacyPolicy,Privacy Policy
iFunny,TermsofService,Terms of Service
Ihavebeenpwned,PrivacyPolicy,Privacy Policy
iHeartMedia,PrivacyPolicy,Privacy Policy
iHeartMedia,TermsofUse,Terms of Use
iHeartRadio,PrivacyPolicy,Privacy Policy
iHeartRadio,TermsofUse,Terms of Use
IKEA,CookiePolicy,Cookie Policy
IKEA,PrivacyPolicy,Privacy Policy
IKEA,TermsandConditions,Terms and Conditions
IMDb,PrivacyPolicy,Privacy Policy
IMDb,TermsofService,Terms of Service
Imgur,PrivacyPolicy,Privacy Policy
Imgur,TermsofService,Terms of Service
Indeed,PrivacyPolicy,Privacy Policy
Indeed,TermsofService,Terms of Service
Indeed,TermsofService,Terms of Service
Instacart,PrivacyPolicy,Privacy Policy
Instacart,TermsofService,Terms of Service
Instagram,AboutCookies,About Cookies
Instagram,CommunityGuidelines,Community Guidelines
Instagram,DataPolicy,Data Policy
Instagram,LawEnforcement,Law Enforcement
Instagram,TermsofUse,Terms of Use
Intel,PrivacyPolicy,Privacy Policy
Interfolio,CookiesPolicy,Cookies Policy
Interfolio,PrivacyPolicy,Privacy Policy
Interfolio,TermsofService,Terms of Service
InternetArchive,Terms,Terms of Service
Intuit,TermsofService,Terms of Service
Invisalign,PrivacyStatement,Privacy Statement
Invisalign,TermsofUse,Terms of Use
IRS,PrivacyPolicy,Privacy Policy
ITV,Privacynotice,Privacy Notice
ITV,Terms,Terms of Service
JackintheBox,privacy,Privacy Policy
Jacuzzi,PrivacyNotice,Privacy Notice
Jacuzzi,TermsofService,Terms of Service
JehovahsWitnesses,GlobalDataProtectionPoli,Global Data Protection Policy
JehovahsWitnesses,GlobalPolicyonUseofCoo,Global Policy on Use of Cookies
JehovahsWitnesses,GlobalPolicyonUseofPer,Global Policy on Use of Personal Information
JehovahsWitnesses,PrivacyPolicy,Privacy Policy
JewishSocialServicesAgency,PrivacyPolicy,Privacy Policy
JewishSocialServicesAgency,TermsandConditions,Terms and Conditions
JSTOR,PrivacyPolicy,Privacy Policy
JSTOR,TermsandConditionsofUse,Terms and Conditions of Use
Jupiter,PrivacyPolicy,Privacy Policy
Jupiter,TermsandConditions,Terms and Conditions
Kaggle,Cookies,Cookies
Kaggle,PrivacyPolicy,Privacy Policy
Kaggle,TermsofUse,Terms of Use
Kahoot,PrivacyPolicy,Privacy Policy
Kahoot,TermsandConditions,Terms and Conditions
KAYAK,PrivacyPolicy,Privacy Policy
KAYAK,TermsandConditions,Terms and Conditions
Kelloggs,StorePrivacyPolicy,Store Privacy Policy
Kelloggs,StoreReturnandExchangePo,Store Return and Exchange Policy
KhanAcademy,PrivacyPolicy,Privacy Policy
KhanAcademy,TermsofService,Terms of Service
Kickstarter,CookiesandOtherTechnologies,Cookies and Other Technologies
Kickstarter,PrivacyPolicy,Privacy Policy
Kickstarter,TermsofUse,Terms of Use
Kodak,Privacy,Privacy Policy
kraftheinzcompany,PrivacyPolicy,Privacy Policy
kraftheinzcompany,Terms,Terms of Service
kurzgesagt,CookiePolicy,Cookie Policy
kurzgesagt,PRIVACYPOLICY,Privacy Policy
LastPass,PrivacyStatement,Privacy Statement
LastPass,TermsofService,Terms of Service
Leetcode,PrivacyPolicy,Privacy Policy
Leetcode,Terms,Terms of Service
LegalZoom,PrivacyPolicy,Privacy Policy
LegalZoom,TermsofService,Terms of Service
LegalZoom,TermsofUse,Terms of Use
LEGOcom,CookiePolicy,Cookie Policy
LEGOcom,LegalNotice,Legal Notice
LEGOcom,PrivacyPolicy,Privacy Policy
Lenovo,ExternalSubmissionPolicy,External Submission Policy
Lenovo,PrivacyStatementProduct,Privacy Statement
Lenovo,PrivacyStatementWebsite,Privacy Statement
Lenovo,TermsofUse,Terms of Use
LibreOffice,PrivacyPolicy,Privacy Policy
Lichess,AboutLichess,About Lichess
Lichess,PrivacyPolicy,Privacy Policy
Lichess,TermsofService,Terms of Service
Lifehack,PrivacyPolicy,Privacy Policy
Lifehack,TermsandConditions,Terms and Conditions
LineageOS,LegalTermsofServiceandPr,Legal Terms of Service and Privacy Policy
LinkedIn,CookiePolicy,Cookie Policy
LinkedIn,DoNotTrackPolicy,Do Not Track Policy
LinkedIn,PrivacyPolicy,Privacy Policy
LinkedIn,TermsofService,Terms of Service
Linksys,CookiePolicy,Cookie Policy
Linksys,EndUserLicenseAgreement,End User License Agreement
Linksys,PrivacyPolicy,Privacy Policy
Linktree,PrivacyPolicy,Privacy Policy
Linktree,TermsandConditions,Terms and Conditions
LinuxMint,PrivacyandCookiesPolicy,Privacy and Cookies Policy
lionsgate,privacypolicy,Privacy Policy
lionsgate,TermsOfUse,Terms of Use
LittleCaesars,PrivacyPolicy,Privacy Policy
LittleCaesars,TermsofService,Terms of Service
Logitech,CookiePolicy,Cookie Policy
Logitech,ProductPrivacyPolicy,Product Privacy Policy
Logitech,Returnsandcancellations,Returns and Cancellations
Logitech,TermsofUse,Terms of Use
Logitech,WebPrivacyPolicy,Web Privacy Policy
Lulu,PrivacyPolicy,Privacy Policy
Lulu,TermsofUse,Terms of Use
LumenCenturyLink,AcceptableUsePolicy,Acceptable Use Policy
LumenCenturyLink,CaliforniaPrivacyRights,California Privacy Rights
LumenCenturyLink,GDPRCompliance,GDPR Compliance
LumenCenturyLink,InternetServiceDisclosure,Internet Service Disclosure
LumenCenturyLink,LawEnforcementSupport,Law Enforcement Support
LumenCenturyLink,OnlineSecurity,Online Security Policy
LumenCenturyLink,PaymentAgreement,Payment Agreement
LumenCenturyLink,PeeringPolicy,Peering Policy
LumenCenturyLink,WebsiteUserAgreement,Website User Agreement
Lumen,Privacy,Privacy Policy
lyft,PrivacyPolicy,Privacy Policy
lyft,TermsofService,Terms of Service
MacRumors,PrivacyandDataPolicy,Privacy and Data Policy
Macys,Noticeofprivacypractices,Notice of Privacy Practices
Magoosh,PrivacyPolicy,Privacy Policy
Magoosh,TermsofUse,Terms of Use
Mailchimp,AcceptableUsePolicy,Acceptable Use Policy
Mailchimp,AdditionalTerms,Additional Terms
Mailchimp,APIUsePolicy,API Use Policy
Mailchimp,CookieStatement,Cookie Statement
Mailchimp,CopyrightandTrademarkPol,Copyright and Trademark Policy
Mailchimp,PrivacyPolicy,Privacy Policy
Mailchimp,TermsofUse,Terms of Use
MajorLeagueSoccer,TermsofService,Terms of Service
Malwarebytes,EULA,End-User License Agreement
Malwarebytes,PrivacyPolicy,Privacy Policy
Malwarebytes,TermsofService,Terms of Service
MapQuest,PrivacyPolicy,Privacy Policy
MapQuest,TermsofUse,Terms of Use
Marvell,PrivacyStatement,Privacy Statement
Marvell,TermsofUse,Terms of Use
mastodonsocial,CodeofConduct,Code of Conduct
mastodonsocial,PrivacyPolicy,Privacy Policy
mastodonsocial,TermsofService,Terms of Service
MathsIsFun,PrivacyStatement,Privacy Statement
MayoClinic,PrivacyPolicy,Privacy Policy
MayoClinic,TermsandConditions,Terms and Conditions
McAfee,CookieNotice,Cookie Notice
McAfee,LicenseAgreement,License Agreement
McAfee,PrivacyNotice,Privacy Notice
McAfee,ProductTermsofService,Product Terms of Service
McAfee,SubprocessorslistINCOMP,Subprocessors List
McAfee,WebsiteTermsofService,Website Terms of Service
McDonalds,PrivacyPolicy,Privacy Policy
McDonalds,TermsandConditions,Terms and Conditions
McGrawHillEducation,ConsumerPurchaseTerms,Consumer Purchase Terms
McGrawHillEducation,CustomerPrivacyPolicy,Customer Privacy Policy
McGrawHillEducation,TermsofService,Terms of Service
McGrawHillEducation,TermsofUse,Terms of Use
McGrawHillEducation,UserContentSubmissionAgr,User Content Submission Agreement
McGrawHill,PrivacyNotice,Privacy Notice
McGrawHill,TermsofUse,Terms of Use
Medium,CopyrightandDMCAPolicy,Copyright and DMCA Policy
Medium,DoNotTrackPolicy,Do Not Track Policy
Medium,PrivacyPolicy,Privacy Policy
Medium,TermsofService,Terms of Service
Medscape,CookiePolicy,Cookie Policy
Medscape,PrivacyPolicy,Privacy Policy
Medscape,TermsofUse,Terms of Use
MerriamWebster,PrivacyPolicy,Privacy Policy
MerriamWebster,TermsofUse,Terms of Use
MicrosoftServices,21983MicrosoftServic,Microsoft Services Agreement
MicrosoftServices,21983MicrosoftServic,21983 Microsoft Services Agreement
MicrosoftServices,MicrosoftSkypeLegalState,Microsoft Skype Legal Statement
MicrosoftServices,PrivacyStatement,Privacy Statement
MicrosoftServices,PrivacyStatement,Privacy Statement
MicrosoftServices,PrivacyStatement,Privacy Statement
MicrosoftServices,PrivacyStatement,Privacy Statement
MicrosoftServices,ServicesAgreement,Services Agreement
MicrosoftServices,ServicesAgreement,Services Agreement
MicrosoftServices,TermsofUse,Terms of Use
MicrosoftStore,PrivacyStatement,Privacy Statement
MicrosoftStore,PrivacyStatement,Privacy Statement
MicrosoftStore,PrivacyStatement,Privacy Statement
MicrosoftStore,PrivacyStatement,Privacy Statement
MicrosoftStore,TermsofSale,Terms of Sale
MicrosoftStore,TermsofUse,Terms of Use
Minecraft,PrivacyPolicy,Privacy Policy
Minecraft,PrivacyPolicy,Privacy Policy
Minecraft,PrivacyPolicy,Privacy Policy
Minecraft,PrivacyPolicy,Privacy Policy
Minecraft,ServicesAgreement,Services Agreement
Minecraft,ServicesAgreement,Services Agreement
Miniclip,CookiePolicy,Cookie Policy
Miniclip,PRIVACYPOLICY,Privacy Policy
Miniclip,TermsandConditions,Terms and Conditions
MintMobile,AcceptableUsePolicy,Acceptable Use Policy
MintMobile,PrivacyPolicy,Privacy Policy
MintMobile,ReturnPolicy,Return Policy
MintMobile,TermsandConditions,Terms and Conditions
mint,LegalInformationIntuit,Legal Information
mint,TermsofService,Terms of Service
MITTechnologyReview,CookieStatement,Cookie Statement
MITTechnologyReview,PrivacyPolicy,Privacy Policy
MITTechnologyReview,TermsofService,Terms of Service
Moderna,PrivacyPolicy,Privacy Policy
Moderna,TermsandConditionsofUse,Terms and Conditions of Use
MondelezInternational,CookiesNotice,Cookie Notice
MondelezInternational,PrivacyPolicy,Privacy Policy
MondelezInternational,TermsofUse,Terms of Use
Moodle,CookiesPolicy,Cookies Policy
Moodle,PrivacyNotice,Privacy Notice
MorningBrew,PrivacyPolicy,Privacy Policy
MorningBrew,TermsofService,Terms of Service
Motorola,PrivacyPolicy,Privacy Policy
Motorola,ProductPrivacyPolicy,Product Privacy Policy
Motorola,TermsofSale,Terms of Sale
Mozillaorg,Mozillaworkplacetransiti,Mozilla Workplace Transition
Mozillaorg,Privacypolicy,Privacy Policy
Mozillaorg,WebsitePrivacypolicy,Website Privacy Policy
MozillaPersona,Troy,Terms of Service
MozillaThunderbird,PrivacyPolicy,Privacy Policy
MozillaVPN,MozillaVPNPrivacyNotice,Mozilla VPN Privacy Notice
MozillaVPN,MozillaVPNTermsofService,Mozilla VPN Terms of Service
Myspace,PrivacyPolicy,Privacy Policy
Myspace,TermsofService,Terms of Service
NakedJuiceCompany,PRIVACYPOLICY,Privacy Policy
NakedJuiceCompany,TermsofUse,Terms of Use
Namecoin,Privacypolicy,Privacy Policy
Namecoin,Termsofuse,Terms of Use
NATIONALCENTERFORMISSINGandEXPLOITEDCHILDREN,TERMSANDCONDITIONSANDPR,Terms and Conditions
NationalDomesticViolenceHotline,PrivacyPolicy,Privacy Policy
NationalGeographic,CodeofEthics,Code of Ethics
NationalGeographic,PrivacyPolicy,Privacy Policy
NationalGeographic,SustainabilityPolicy,Sustainability Policy
NationalGeographic,TermsofService,Terms of Service
NationalHockeyLeagueNHLcom,TermsofService,Terms of Service
NationalHockeyLeagueNHLcom,TermsofService,Terms of Service
NationalRetailFederation,CookiePolicy,Cookie Policy
NationalRetailFederation,PrivacyPolicy,Privacy Policy
NationalRetailFederation,TermsandConditions,Terms and Conditions
Nature’sBounty,PrivacyPolicy,Privacy Policy
Nature’sBounty,TermsofUse,Terms of Use
NBCNews,CookiePolicy,Cookie Policy
NBCNews,PrivacyPolicy,Privacy Policy
NBCNews,TermsofService,Terms of Service
Nebula,PrivacyPolicy,Privacy Policy
Nebula,TermsofService,Terms of Service
NerdWallet,PrivacyPolicy,Privacy Policy
NerdWallet,TermsofUse,Terms of Use
Nestlé,TermsandConditions,Terms and Conditions
Netflix,PrivacyStatement,Privacy Statement
Netflix,TermsofUse,Terms of Use
Neweggcom,PrivacyPolicy,Privacy Policy
Newgrounds,PrivacyPolicy,Privacy Policy
Newgrounds,TermsOfUse,Terms of Use
NewMexicoStateUniversity,PrivacyPolicy,Privacy Policy
Newsweek,CookiePolicy,Cookie Policy
Newsweek,PrivacyPolicy,Privacy Policy
Newsweek,TermsandConditions,Terms and Conditions
Newsweek,TermsofSale,Terms of Sale
NewYorkTimes,PrivacyPolicy,Privacy Policy
NewYorkTimes,TermsofService,Terms of Service
NextdoorNeighborhoods,MemberAgreement,Member Agreement
NextdoorNeighborhoods,PrivacyPolicy,Privacy Policy
Niche,CookiePolicy,Cookie Policy
Niche,PrivacyPolicy,Privacy Policy
Nike,PRIVACYPOLICY,Privacy Policy
Nike,TERMSOFSALE,Terms of Sale
Nike,TERMSOFUSE,Terms of Use
Nintendo,CodeofConduct,Code of Conduct
Nintendo,CookiesandInterestBasedAd,Cookies and Interest-Based Advertising
Nintendo,IntellectualPropertyPolicy,Intellectual Property Policy
Nintendo,NintendoAccountUserAgree,Nintendo Account User Agreement
Nintendo,NintendoTechSupportForum,Nintendo Tech Support Forum
Nintendo,PrivacyPolicy,Privacy Policy
Nintendo,TermsofUse,Terms of Use
Nokia,Cookies,Cookies
Nokia,HMDGlobalPrivacyPortal,HMD Global Privacy Portal
Nokia,UserAgreement,User Agreement
NordVPN,PrivacyPolicy,Privacy Policy
NordVPN,TermsofService,Terms of Service
NortonLifeLock,NortonPrivacyEnglish,Norton Privacy English
NortonLifeLock,PrivacyStatement,Privacy Statement
NortonLifeLock,TermsofSale,Terms of Sale
NortonLifeLock,TermsofUse,Terms of Use
NortonLifeLock,WebsiteTermsofUse,Website Terms of Use
NortonSafeWeb,CookiesandThirdPartyAna,Cookies and Third Party Analytics
NortonSafeWeb,DataProtectionAgreements,Data Protection Agreements
NortonSafeWeb,LicensingandServicesAgre,Licensing and Services Agreement
NortonSafeWeb,NortonLifeLockGlobalPriva,Norton LifeLock Global Privacy Statement
NortonSafeWeb,NortonLifeLockProductan,Norton LifeLock Product and Service Agreement
NortonSafeWeb,TERMSOFSALE,Terms of Sale
Notion,GDPRCompliance,GDPR Compliance
Notion,PrivacyPolicy,Privacy Policy
Notion,TermsandConditions,Terms and Conditions
NPR,PrivacyPolicy,Privacy Policy
Ntegra,CookiePolicy,Cookie Policy
Ntegra,PrivacyPolicy,Privacy Policy
Ntegra,TermsandConditions,Terms and Conditions
Nvidia,CookiePolicy,Cookie Policy
Nvidia,KidsPrivacyPolicy,Kids Privacy Policy
Nvidia,PrivacyPolicy,Privacy Policy
Nvidia,ProductsandServicesPriva,Products and Services Privacy
OccupyDemocrats,PrivacyPolicy,Privacy Policy
Oculus,OculusCookiePolicy,Oculus Cookie Policy
Oculus,SupplementalOculusDataPo,Supplemental Oculus Data Policy
Oculus,SupplementalOculusTermso,Supplemental Oculus Terms
Ofcom,Cookiespolicy,Cookie Policy
Ofcom,PrivacyStatement,Privacy Statement
Ofcom,Termsofuse,Terms of Use
Okta,CookiePolicy,Cookie Policy
Okta,PrivacyPolicy,Privacy Policy
Okta,Security,Security
Okta,TermsofService,Terms of Service
OnlyFans,PrivacyPolicy,Privacy Policy
OnlyFans,TermsofService,Terms of Service
OpenAI,PrivacyPolicy,Privacy Policy
OpenAI,ServiceTerms,Service Terms
OpenAI,SharingandPublicationPolicy,Sharing and Publication Policy
OpenAI,TermsofUse,Terms of Use
OpenStreetMap,PrivacyPolicy,Privacy Policy
OpenStreetMap,TermsofService,Terms of Service
Opera,CookiePolicy,Cookie Policy
Opera,PrivacyPolicy,Privacy Policy
Opera,TermsofService,Terms of Service
Oregon,TermsandConditions,Terms and Conditions
osu,copyrightpolicy,Copyright Policy
osu,PrivacyPolicy,Privacy Policy
osu,termsofservice,Terms of Service
OurWorldInData,LegalDisclaimer,Legal Disclaimer
OurWorldInData,PrivacyPolicy,Privacy Policy
Overleaf,TermsofService,Terms of Service
Pacer,PrivacyPolicy,Privacy Policy
Pacer,TermsofService,Terms of Service
Pandora,9DayPremiumTrialCodeT,9 Day Premium Trial Code
Pandora,CommunityandContentPolicy,Community and Content Policy
Pandora,IntellectualPropertyPolicy,Intellectual Property Policy
Pandora,PandoraSubscriptionTerms,Pandora Subscription Terms
Pandora,Termsofuse,Terms of Use
Panera,PrivacyPolicy,Privacy Policy
Panera,TermsofUse,Terms of Use
Panopto,PrivacyPolicy,Privacy Policy
Panopto,TermsofService,Terms of Service
Parler,CommunityGuidelines,Community Guidelines
Parler,PrivacyPolicy,Privacy Policy
Parler,TermsofService,Terms of Service
Pastebin,CookiesPolicy,Cookies Policy
Pastebin,PrivacyStatement,Privacy Statement
Pastebin,TermsofService,Terms of Service
Patreon,CommunityGuidelines,Community Guidelines
Patreon,CookiePolicy,Cookie Policy
Patreon,SecurityPolicy,Security Policy
Patreon,TermsofUse,Terms of Use
PayPal,COMMERCIALENTITYAGREEMENT,Commercial Entity Agreement
PayPal,CookieStatement,Cookie Statement
PayPal,EbayBillingAgreement,Ebay Billing Agreement
PayPal,InfringementReportPolicy,Infringement Report Policy
PayPal,PayPalAcceptableUsePolicy,PayPal Acceptable Use Policy
PayPal,PayPalReceiveFundsandAu,PayPal Receive Funds and Authorization Agreement
PayPal,PayPalShopsPolicy,PayPal Shops Policy
PayPal,PolicyUpdates,Policy Updates
PayPal,PrivacyPolicy,Privacy Policy
PayPal,PrivacyStatement,Privacy Statement
PayPal,UserAgreementEU,User Agreement EU
PayPal,UserAgreementforPayPalS,User Agreement
PayPal,UserAgreementUS,User Agreement US
pcworld,AffiliateLinkPolicy,Affiliate Link Policy
pcworld,CookiePolicy,Cookie Policy
pcworld,privacypolicy,Privacy Policy
PennsylvaniaStateUniversity,AccessibilityStatement,Accessibility Statement
PennsylvaniaStateUniversity,HumanResourcesPolicies,Human Resources Policies
PennsylvaniaStateUniversity,WebPrivacyStatement,Web Privacy Statement
Pepsi,PRIVACYPOLICY,Privacy Policy
Pfizer,PrivacyPolicy,Privacy Policy
Pfizer,TERMSOFUSE,Terms of Use
PhilipMorrisInternational,CookieNotice,Cookie Notice
PhilipMorrisInternational,PrivacyNotice,Privacy Notice
PhilipMorrisInternational,TermsofUse,Terms of Use
PhilipMorrisUSA,Privacy,Privacy Policy
PhilipMorrisUSA,TermsofUse,Terms of Use
Piazza,CopyrightPolicy,Copyright Policy
Piazza,FERPACompliance,FERPA Compliance
Piazza,PrivacyPolicy,Privacy Policy
Piazza,TermsofService,Terms of Service
PinkFloyd,PrivacyPolicy,Privacy Policy
Pinterest,PersonalizationandDataHe,Personalization and Data Handling
Pinterest,Privacypolicy,Privacy Policy
Pinterest,TermsofService,Terms of Service
PIP,CookieDeclaration,Cookie Declaration
PIP,PrivacyPolicy,Privacy Policy
Pixilart,PrivacyPolicy,Privacy Policy
Pixilart,TermsofUse,Terms of Use
Plaid,PrivacyandSecurity,Privacy and Security
Plaid,PrivacyandSecurity,Privacy and Security
Playmobil,PrivacyPolicy,Privacy Policy
Playmobil,Terms,Terms of Service
PlayStationNetworkServices,CancellationPolicy,Cancellation Policy
PlayStationNetworkServices,Cookies,Cookies
PlayStationNetworkServices,PlayStationNetworkTermso,PlayStation Network Terms of Service
PlayStationNetworkServices,PrivacyPolicy,Privacy Policy
PlayStationNetworkServices,PSNowUsageTerms,PS Now Usage Terms
PlayStationNetworkServices,PSPlusUsageTerms,PS Plus Usage Terms
PlayStationNetworkServices,VideoUsageRestrictions,Video Usage Restrictions
PlayStationNetworkServices,WebsiteTermsofUse,Website Terms of Use
PlutoLabsInc,PrivacyPolicy,Privacy Policy
PlutoLabsInc,TermsofService,Terms of Service
PlutoTV,CookiePolicy,Cookie Policy
PlutoTV,PrivacyPolicy,Privacy Policy
PlutoTV,TermsofUse,Terms of Use
PNAS,TermsandPrivacyPolicy,Terms and Privacy Policy
Pornhub,DMCANoticeOfCopyrightIn,DMCA Notice of Copyright Infringement
Pornhub,PrivacyPolicy,Privacy Policy
Pornhub,TermsandConditions,Terms and Conditions
Poshmark,PrivacyPolicy,Privacy Policy
Poshmark,TERMSOFSERVICE,Terms of Service
PragerUniversity,PrivacyPolicy,Privacy Policy
PragerUniversity,TermsandConditions,Terms and Conditions
PragerUniversity,UNIFORMDISCLOSURESTATEMENT,Uniform Disclosure Statement
Prezi,CookiePolicy,Cookie Policy
Prezi,EULA,End-User License Agreement
Prezi,IntellectualPropertyRight,Intellectual Property Rights
Prezi,PrivacyPolicy,Privacy Policy
Prezi,Security,Security Policy
Prezi,TermsofUse,Terms of Use
ProjectEuler,PrivacyPolicy,Privacy Policy
ProjectGutenberg,TermsofUse,Terms of Use
ProtonVPN,DoesProtonVPNstoreuseri,Does Proton VPN Store User Information Policy
ProtonVPN,PrivacyPolicy,Privacy Policy
ProtonVPN,TermsandConditionsofSer,Terms and Conditions of Service
PublicBroadcastingService,Privacy,Privacy Policy
PublicBroadcastingService,TermsofUse,Terms of Use
PublishersClearingHouse,PrivacyPolicy,Privacy Policy
PublishersClearingHouse,Terms,Terms of Service
Punkt,CookiesDeclaration,Cookies Declaration
Punkt,DataProtectionPolicy,Data Protection Policy
Punkt,LegalNotice,Legal Notice
Punkt,PigeonPrivacyPolicy,Pigeon Privacy Policy
Punkt,TermsandConditionsofSale,Terms and Conditions of Sale
pymetrics,PrivacyPolicy,Privacy Policy
Python,PrivacyPolicy,Privacy Policy
Qualtrics,PrivacyStatement,Privacy Statement
Qualtrics,SecurityStatement,Security Statement
Qualtrics,TermsofService,Terms of Service
QuickBooks,IntuitTermsofServiceUSA,Intuit Terms of Service USA
QuickBooks,PrivacyStatement,Privacy Statement
Quicken,PrivacyStatement,Privacy Statement
Quicken,TermsofUse,Terms of Use
Quizlet,CookiePolicy,Cookie Policy
Quizlet,DMCA,DMCA
Quizlet,PrivacyPolicy,Privacy Policy
Quizlet,TermsofService,Terms of Service
Quora,PrivacyPolicy,Privacy Policy
Quora,TermsofService,Terms of Service
Racingcom,PrivacyPolicy,Privacy Policy
Racingcom,ResponsibleWageringStatement,Responsible Wagering Statement
Racingcom,TermsandConditions,Terms and Conditions
RainforestAlliance,PrivacyPolicy,Privacy Policy
RakutenAdvertising,CookiePolicy,Cookie Policy
RakutenAdvertising,GDPR,GDPR
RakutenAdvertising,IntellectualPropertyPolicy,Intellectual Property Policy
RakutenAdvertising,PrivacyPolicy,Privacy Policy
RakutenAdvertising,WebsitePrivacyPolicy,Website Privacy Policy
Rakuten,AdvertisingDisclosure,Advertising Disclosure
Rakuten,AmericanExpressMembership,American Express Membership
Rakuten,BlueCashEveryday®Cardfr,Blue Cash Everyday® Card from Amex
Rakuten,CaliforniaConsumerPrivacy,California Consumer Privacy Act
Rakuten,CardLinkedOffersTermsand,Card Linked Offers Terms and Conditions
Rakuten,CashBackShoppingProgram,Cash Back Shopping Program
Rakuten,CreditCardExclusionsand,Credit Card Exclusions
Rakuten,ExclusionsandLimitations,Exclusions and Limitations
Rakuten,PrivacyandSecurity,Privacy and Security
Rakuten,PrivacyPolicy,Privacy Policy
Rakuten,RakutenHotelsTermsandCond,Rakuten Hotels Terms and Conditions
Rakuten,ReferralProgramTerms,Referral Program Terms
Rakuten,TermsandConditions,Terms and Conditions
Rakuten,WhatDataRakutenCollects,What Data Rakuten Collects
RaspberryPiFoundation,Cookiepolicy,Cookie Policy
RaspberryPiFoundation,privacypolicy,Privacy Policy
RaspberryPi,PrivacyPolicy,Privacy Policy
RaspberryPi,TermsandConditionsofSale,Terms and Conditions of Sale
RationalWiki,Generaldisclaimer,General Disclaimer
RationalWiki,PrivacyPolicy,Privacy Policy
Razer,COOKIEPOLICY,Cookie Policy
Razer,GENERALTERMSOFUSE,General Terms of Use
Razer,PrivacyPolicy,Privacy Policy
ReadtheDocsCommunity,PrivacyPolicy,Privacy Policy
ReadtheDocsCommunity,TermsofService,Terms of Service
Realtor,PrivacyPolicy,Privacy Policy
redditlol,Privacypolicy,Privacy Policy
Reddit,ContentPolicy,Content Policy
Reddit,PrivacyPolicy,Privacy Policy
Reddit,RedditUserAgreement,Reddit User Agreement
Reddit,TermsofService,Terms of Service
RedGIFs,18USC2257Statement,18 U.S.C. 2257 Statement
RedGIFs,DMCACopyrightPolicy,DMCA Copyright Policy
RedGIFs,RedGIFsPrivacyPolicy,Red GIFs Privacy Policy
RedGIFs,TermsofService,Terms of Service
RedPocket,PrivacyPolicy,Privacy Policy
RedPocket,TermsandConditions,Terms and Conditions
Remind,PrivacyPolicy,Privacy Policy
Remind,TermsofService,Terms of Service
Replika,PrivacyPolicy,Privacy Policy
Replika,TermsofService,Terms of Service
Replit,ReplitPrivacyPolicy,Replit Privacy Policy
Replit,TermsandConditions,Terms and Conditions
ResearchGate,IntellectualPropertyPolicy,Intellectual Property Policy
ResearchGate,PrivacyPolicy,Privacy Policy
ResearchGate,TermsofService,Terms of Service
Reuters,PrivacyStatementandCooki,Privacy Statement and Cookie Policy
Reuters,TermsofUse,Terms of Use
RiotGamesLeagueofLegends,CookiePolicy,Cookie Policy
RiotGamesLeagueofLegends,PrivacyNotice,Privacy Notice
RiotGamesLeagueofLegends,TermsofService,Terms of Service
Roblox,ROBLOX,Roblox
RockstarGames,Cookies,Cookies
RockstarGames,PrivacyPolicy,Privacy Policy
RockstarGames,TermsofService,Terms of Service
RoyalDutchShell,Cookiepolicy,Cookie Policy
RoyalDutchShell,Privacynotices,Privacy Notices
RoyalDutchShell,Termsandconditions,Terms and Conditions
RoyalSocietyofChemistry,PrivacyPolicy,Privacy Policy
RoyalSocietyofChemistry,TermsofService,Terms of Service
RSS,PrivacyPolicy,Privacy Policy
RTLGroup,Termsofuse,Terms of Use
RT,RTprivacypolicy,RT Privacy Policy
RT,TermsofUse,Terms of Use
RTÉ,PrivacyPolicy,Privacy Policy
RTÉ,TermsandConditions,Terms and Conditions
Ryanair,cookiespolicy,Cookies Policy
Ryanair,PrivacyPolicy,Privacy Policy
Ryanair,TermsofUse,Terms of Use
Safaricom,Privacypolicy,Privacy Policy
Safaricom,Termsofuse,Terms of Use
SagaCommunications,PrivacyPolicy,Privacy Policy
SagaCommunications,TermsofUse,Terms of Use
Sainsburys,CookiePolicy,Cookie Policy
Sainsburys,PrivacyPolicy,Privacy Policy
salesforce,IntellectualProperty,Intellectual Property
salesforce,PrivacyPolicy,Privacy Policy
salesforce,TermsofService,Terms of Service
SamsClub,PrivacyPolicy,Privacy Policy
SamsClub,Terms,Terms of Service
SamsungKnox,EULA,End-User License Agreement
SamsungKnox,PrivacyPolicyWeb,Privacy Policy
SamsungKnox,SamsungKnoxProductTerms,Samsung Knox Product Terms
SamsungKnox,TermsofUse,Terms of Use
Samsung,PrivacyPolicy,Privacy Policy
SandiaNationalLabs,PrivacyPolicyforCandidates,Privacy Policy for Candidates
Sanofi,privacypolicy,Privacy Policy
Sanofi,Terms,Terms of Service
Schoology,PrivacyPolicy,Privacy Policy
Schoology,TermsofService,Terms of Service
ScientificAmerican,PrivacyPolicy,Privacy Policy
ScientificAmerican,TermsofUse,Terms of Use
SCJohnson,PRIVACYNOTICE,Privacy Notice
SCJohnson,PRIVACYNOTICE,Privacy Notice
SCJohnson,PRIVACYNOTICE,Privacy Notice
SCJohnson,Terms,Terms of Service
Scotiabank,DigitalPrivacyandInteres,Digital Privacy and Interest
Scotiabank,OnlineSecurityGuarantee,Online Security Guarantee
Scotiabank,PrivacyAgreement,Privacy Agreement
Scotiabank,TermsofAccess,Terms of Access
SCPWiki,PrivacyPolicy,Privacy Policy
SCPWiki,TermsofService,Terms of Service
Scratch,DMCA,DMCA
Scratch,PrivacyPolicy,Privacy Policy
Scratch,PrivacyPolicyFebruary14,Privacy Policy
Scratch,ScratchCommunityGuidelines,Scratch Community Guidelines
Scratch,TermsofUse,Terms of Use
Shadow,Cookie,Cookie Policy
Shadow,LegalInformation,Legal Information
Shadow,Privacypolicy,Privacy Policy
Shadow,TermsofUse,Terms of Use
Shopify,AcceptableUsePolicy,Acceptable Use Policy
Shopify,CookieandConsumerTracking,Cookie and Consumer Tracking
Shopify,CookiePolicy,Cookie Policy
Shopify,Copyrightpolicy,Copyright Policy
Shopify,DataProcessingAddendum,Data Processing Addendum
Shopify,PrivacyPolicy,Privacy Policy
Shopify,ShopifyPaymentsTermsofS,Shopify Payments Terms of Service
Shopify,TermsofService,Terms of Service
ShoppersDrugMart,Legal,Legal
ShoppersDrugMart,Privacy,Privacy Policy
shutterfly,PrivacyandSecurity,Privacy and Security
shutterfly,TermsofUse,Terms of Use
Shutterstock,PrivacyPolicy,Privacy Policy
Shutterstock,TermsofService,Terms of Service
SierraClub,PrivacyPolicy,Privacy Policy
SierraClub,TermsandConditionsofUse,Terms and Conditions of Use
Signal,GrandjurysubpoenaforSig,Grand Jury Subpoena
Signal,SignalandtheGeneralData,Signal and the General Data Protection Regulation
Signal,TechnicalInformation,Technical Information
Signal,TermsandPrivacyPolicy,Terms and Privacy Policy
Signal,TermsofServiceandPrivacy,Terms of Service and Privacy Policy
SimpliSafe,PrivacyPolicy,Privacy Policy
SimpliSafe,TermsofSale,Terms of Sale
SimpliSafe,TermsofUse,Terms of Use
SinaWeibo,SINATermsofUse,Sina Terms of Use
SiriusXMRadioInc,CustomerAgreement,Customer Agreement
SiriusXMRadioInc,CustomerAgreement,Customer Agreement
SiriusXMRadioInc,PRIVACYPOLICY,Privacy Policy
SiriusXMRadioInc,ReturnPolicy,Return Policy
SiriusXMRadioInc,WebsiteTermsofUse,Website Terms of Use
Skillshare,PrivacyPolicy,Privacy Policy
Skillshare,TermsofService,Terms of Service
Skribblio,Termsofservice,Terms of Service
Skynet,PrivacyPolicy,Privacy Policy
Skynet,TermsofUse,Terms of Use
Slack,AcceptableUse,Acceptable Use Policy
Slack,PrivacyPolicy,Privacy Policy
Slack,TermsofService,Terms of Service
Slitherio,PrivacyPolicy,Privacy Policy
SmallBusinessAdministration,PrivacyPolicy,Privacy Policy
SmithsonianInstitution,PrivacyStatement,Privacy Statement
SmithsonianInstitution,TermsofUse,Terms of Use
Snapchat,CommunityGeoFilterTerms,Community Geo Filter Terms
Snapchat,CommunityGuidelines,Community Guidelines
Snapchat,CookiePolicy,Cookie Policy
Snapchat,CustomCreativeToolsTerms,Custom Creative Tools Terms
Snapchat,LensStudioTerms,Lens Studio Terms
Snapchat,PrivacyCenter,Privacy Center
Snapchat,ReportCopyright,Report Copyright
Snopes,CookiePolicy,Cookie Policy
Snopes,PrivacyPolicy,Privacy Policy
Snopes,TermsOfUse,Terms of Use
Sony,PrivacyPolicy,Privacy Policy
Sony,TermsandConditions,Terms and Conditions
Sony,WebsiteTermsandConditions,Website Terms and Conditions
SoundCloud,CommunityGuidelines,Community Guidelines
SoundCloud,PrivacyPolicy,Privacy Policy
SoundCloud,TermsofService,Terms of Service
SourceForge,PrivacyStatement,Privacy Statement
SourceForge,TermsofUse,Terms of Use
SpanishDict,PrivacyPolicy,Privacy Policy
SpanishDict,TermsofService,Terms of Service
SpeedtestbyOokla,PrivacyPolicy,Privacy Policy
SpeedtestbyOokla,TermsofUse,Terms of Use
Spotify,PrivacyPolicy,Privacy Policy
Spotify,SpotifyTermsandCondition,Spotify Terms and Conditions
Spotify,TermsandConditionsofUse,Terms and Conditions of Use
Spotify,VoiceControls,Voice Controls
Sprint,SprintTermsandConditions,Sprint Terms and Conditions
Square,AdditionalCaliforniaPriva,Additional California Privacy Notice
Square,CookiePolicy,Cookie Policy
Square,GeneralTermsofService,General Terms of Service
Square,PrivacyNotice,Privacy Notice
SSRNSocialScienceResearchNetwork,CopyrightPolicy,Copyright Policy
SSRNSocialScienceResearchNetwork,ElsevierCookieNotice,Elsevier Cookie Notice
SSRNSocialScienceResearchNetwork,ElsevierPrivacyPolicy,Elsevier Privacy Policy
SSRNSocialScienceResearchNetwork,TermsofUse,Terms of Use
StackExchange,APIsTermsofUse,API Terms of Use
StackExchange,ContentPolicy,Content Policy
StackExchange,PrivacyPolicy,Privacy Policy
StackExchange,TermsofService,Terms of Service
StackExchange,TrademarkGuidance,Trademark Guidance
StackOverflow,CookiePolicy,Cookie Policy
StackOverflow,DataSecurityandDueProcess,Data Security and Due Process
StackOverflow,ForDataControllersCusto,For Data Controllers
StackOverflow,ForDataProcessorsVendors,For Data Processors and Vendors
StackOverflow,ForDataSubjectsYou,For Data Subjects
StackOverflow,PrivacyPolicy,Privacy Policy
StackOverflow,PublicNetworkTermsofSer,Public Network Terms of Service
StackOverflow,StackExchangeIncCookie,Stack Exchange Inc. Cookie Policy
StackOverflow,StackExchangeNetworkAcce,Stack Exchange Network Access Policy
StackOverflow,StackOverflowandDataSec,Stack Overflow and Data Security Policy
StackOverflow,TermsofService,Terms of Service
StanfordUniversity,PrivacyPolicy,Privacy Policy
StanfordUniversity,Termsofuse,Terms of Use
StaplesInc,StaplesConnectTermsandC,Staples Connect Terms and Conditions
Starlink,DepositPaymentTerms,Deposit Payment Terms
Starlink,PrivacyandCopyrightPolicy,Privacy and Copyright Policy
Starlink,SoftwareLicenseandUsage,Software License and Usage
Starlink,StarlinkAcceptableUsePolicy,Starlink Acceptable Use Policy
Starlink,StarlinkSpecificationsB,Starlink Specifications
StateFarm,AdsandTracking,Ads and Tracking
StateFarm,NoticeofPrivacyPolicy,Notice of Privacy Policy
StateFarm,TermsofUse,Terms of Use
Steak‘nShake,PrivacyPolicy,Privacy Policy
Steak‘nShake,TERMSOFUSE,Terms of Use
Steam,LegalInfo,Legal Information
Steam,PrivacyPolicyAgreement,Privacy Policy Agreement
Steam,SteamRefunds,Steam Refunds
Steam,SteamSubscriberAgreement,Steam Subscriber Agreement
Stitcher,PrivacyPolicy,Privacy Policy
Stitcher,Terms,Terms of Service
Strava,CookiePolicy,Cookie Policy
Strava,PrivacyPolicy,Privacy Policy
Strava,TermsofService,Terms of Service
StrawPoll,PrivacyPolicy,Privacy Policy
StrawPoll,TermsofService,Terms of Service
SuddenlinkDEPRECATED,PrivacyPolicy,Privacy Policy
SuddenlinkDEPRECATED,ResidentialServicesAgreement,Residential Services Agreement
SuddenlinkDEPRECATED,WebsiteTermsofUseandWebs,Website Terms of Use
Surfshark,PrivacyPolicy,Privacy Policy
Surfshark,TermsOfService,Terms of Service
SurveyMonkey,TermsofUse,Terms of Use
SyracuseUniversity,PrivacyPolicy,Privacy Policy
Target,TargetPrivacyPolicy,Target Privacy Policy
TaxAct,PrivacyStatement,Privacy Statement
TaxAct,TaxActTermsofServiceand,Tax Act Terms of Service
TBS,PrivacyPolicyUSA,Privacy Policy USA
TBS,TermsofUse,Terms of Use
TechCrunch,AdditionalTermsofService,Additional Terms of Service
TechCrunch,CodeofConduct,Code of Conduct
TechCrunch,PrivacyPolicy,Privacy Policy
TechCrunch,TermsofService,Terms of Service
Telegram,FAQ,FAQ
Telegram,PrivacyPolicy,Privacy Policy
Telegram,TermsofService,Terms of Service
Tesla,CustomerPrivacyNotice,Customer Privacy Notice
Tether,TermsofService,Terms of Service
TheAtlantic,PrivacyPolicy,Privacy Policy
TheAtlantic,ResponsibleDisclosureofS,Responsible Disclosure of Security Vulnerabilities
TheAtlantic,TermsandConditions,Terms and Conditions
TheBahá’íFaith,PrivacyAndTermsofUse,Privacy and Terms of Use
TheChristianScienceMonitor,PrivacyPolicy,Privacy Policy
TheChristianScienceMonitor,TermsofService,Terms of Service
TheChurchofJesusChristofLatterdaySaints,PrivacyNotice,Privacy Notice
TheChurchofJesusChristofLatterdaySaints,TermsofUse,Terms of Use
TheGuardian,CookiePolicy,Cookie Policy
TheGuardian,PrivacyPolicy,Privacy Policy
TheGuardian,TermsandConditions,Terms and Conditions
TheHersheyCompany,PRIVACYPOLICY,Privacy Policy
TheHersheyCompany,TermsandConditions,Terms and Conditions
TheLinuxFoundation,PrivacyPolicy,Privacy Policy
TheLinuxFoundation,TermsofUse,Terms of Use
TheVerge,PrivacyPolicy,Privacy Policy
TheWallStreetJournal,AdditionalTerms,Additional Terms
TheWallStreetJournal,CAResidentsNotice,California Residents Notice
TheWallStreetJournal,CopyrightPolicy,Copyright Policy
TheWallStreetJournal,DataPolicy,Data Policy
TheWallStreetJournal,DowJonesCookieNotice,Dow Jones Cookie Notice
TheWallStreetJournal,DowJonesPrivacyNotice,Dow Jones Privacy Notice
TheWallStreetJournal,SubscriberAgreement,Subscriber Agreement
TheWaltDisneyCompany,DisneyTermsofUse,Disney Terms of Use
TheWaltDisneyCompany,WaltDisneyPrivacyPolicy,Walt Disney Privacy Policy
TheWashingtonTimes,PrivacyPolicy,Privacy Policy
TheWashingtonTimes,TermsofUse,Terms of Use
TIME,PRIVACYPOLICY,Privacy Policy
TIME,TERMSOFSERVICE,Terms of Service
Tinder,CookiePolicy,Cookie Policy
Tinder,PrivacyPolicy,Privacy Policy
Tinder,SafetyandPolicy,Safety and Policy
Tinder,Security,Security
Tinder,TermsofUse,Terms of Use
tinyurl,PrivacyPolicy,Privacy Policy
tinyurl,PrivacyPolicydelete,Privacy Policy
tinyurl,TermsofService,Terms of Service
ToSDRPhoenix,PrivacyPolicy,Privacy Policy
ToSDRPhoenix,TermsofService,Terms of Service
ToSDR,PrivacyPolicy,Privacy Policy
ToSDR,TermsofContribution,Terms of Contribution
Toyota,LegalTerms,Legal Terms
Toyota,PrivacyNotice,Privacy Notice
TransUnion,ForeignCorruptPracticesAct,Foreign Corrupt Practices Act
TransUnion,TermsofUse,Terms of Use
TribunePublishing,CentralTermsofService,Central Terms of Service
TribunePublishing,SubscriberTermsandCondit,Subscriber Terms and Conditions
TrinityBroadcastingNetworks,PrivacyRights,Privacy Rights
TrinityBroadcastingNetworks,TermsofUse,Terms of Use
Tripadvisor,PrivacyPolicy,Privacy Policy
Tripadvisor,TermsofService,Terms of Service
TruthSocial,PrivacyPolicy,Privacy Policy
Turnitin,EndUserLicenseAgreement,End User License Agreement
Turnitin,PrivacyPolicy,Privacy Policy
TVTropes,DMCANotice,DMCA Notice
TVTropes,PrivacyPolicy,Privacy Policy
Twitch,CookiePolicy,Cookie Policy
Twitch,PrivacyNotice,Privacy Notice
Twitch,TermsofService,Terms of Service
Twitter,PrivacyPolicy,Privacy Policy
Twitter,TermsofService,Terms of Service
Uber,PrivacyPolicy,Privacy Policy
Uber,TermsofService,Terms of Service
Ubisoft,PrivacyPolicy,Privacy Policy
Ubisoft,UBISOFTTERMSOFUSE,Ubisoft Terms of Use
Ubuntu,PrivacyPolicy,Privacy Policy
Ubuntu,PrivacyPolicyEN,Privacy Policy EN
Ubuntu,TermsofService,Terms of Service
UCLA,TERMSOFUSE,Terms of Use
Udemy,Privacy,Privacy Policy
Udemy,TermsofUse,Terms of Use
UnderArmour,PrivacyPolicy,Privacy Policy
UnderArmour,TermsofUse,Terms of Use
UNICEFUSA,PrivacyStatement,Privacy Statement
Unilever,CookieNotice,Cookie Notice
Unilever,PrivacyNotice,Privacy Notice
UnitedHealthCareServices,PrivacyPolicy,Privacy Policy
UnitedHealthCareServices,TermsofUse,Terms of Use
UnitedStatesPostalService,PrivacyPolicy,Privacy Policy
UnitedStatesPostalService,TermsofUse,Terms of Use
UnitedWayofRhodeIsland,PrivacyPolicy,Privacy Policy
UnitedWayofRhodeIsland,TermsofUse,Terms of Use
Unity,CookiePolicy,Cookie Policy
Unity,PrivacyPolicy,Privacy Policy
Unity,TermsofService,Terms of Service
UniversityofCalifornia,Termsandconditionsofuse,Terms and Conditions of Use
UniversityofKentucky,PrivacyPolicy,Privacy Policy
UniversityofMaryland,PrivacyNotice,Privacy Notice
UniversityofSouthFlorida,PrivacyPolicy,Privacy Policy
UniversityOfVirginia,PrivacyPolicy,Privacy Policy
UniversitàCommercialeLuigiBocconi,CookiePolicy,Cookie Policy
UniversitàCommercialeLuigiBocconi,PrivacyPolicy,Privacy Policy
Upwork,PrivacyPolicy,Privacy Policy
Upwork,PrivacyPolicy,Privacy Policy
Upwork,PrivacyPolicy,Privacy Policy
Upwork,PrivacyPolicy,Privacy Policy
UrbanDictionary,PrivacyPolicy,Privacy Policy
UrbanDictionary,TermsofService,Terms of Service
USAgov–TheOfficialFederalGovernmentOfTheUnitedStatesOfAmerica,PrivacyandSecurityPolicies,Privacy and Security Policies
USAJOBS,PrivacyPolicy,Privacy Policy
USAJOBS,TermsandConditions,Terms and Conditions
USATODAY,CaliforniaPrivacyPolicy,California Privacy Policy
USATODAY,PrivacyPolicy,Privacy Policy
USATODAY,TermsofService,Terms of Service
USDepartmentofJustice,LegalPolicies,Legal Policies
USDepartmentofJustice,PrivacyPolicy,Privacy Policy
Usenet,Cancellationright,Cancellation Right
Usenet,Conditionsforuse,Conditions for Use
Usenet,DMCA,DMCA
Usenet,privacystatement,Privacy Statement
Usenet,TermsandConditions,Terms and Conditions
ValeroEnergyCorporation,PrivacyStatement,Privacy Statement
ValeroEnergyCorporation,TermsofUse,Terms of Use
Vanguard,CookiePolicy,Cookie Policy
Vanguard,PrivacyPolicy,Privacy Policy
Vanguard,TermsandConditions,Terms and Conditions
Venmo,PrivacyPolicy,Privacy Policy
Venmo,UserAgreement,User Agreement
Verisign,LegalNoticesandTerms,Legal Notices and Terms
Verisign,PrivacyStatement,Privacy Statement
VerizonCommunications,TermsofService,Terms of Service
ViacomCBS,CBSInteractivePrivacyPolicy,CBS Interactive Privacy Policy
ViacomCBS,DoNotSellMyInformation,Do Not Sell My Information
ViacomCBS,PrivacyPolicy,Privacy Policy
ViacomCBS,TermsofUse,Terms of Use
Viagogo,CookiesPolicy,Cookies Policy
Viagogo,PrivacyPolicy,Privacy Policy
Viagogo,TermsandConditions,Terms and Conditions
Viasat,ApplicantPrivacyPolicy,Applicant Privacy Policy
Viasat,ViasatandExedeSubscriber,Viasat and Exede Subscriber Agreement
Viasat,ViasatGeneralPrivacyNotice,Viasat General Privacy Notice
Viasat,ViasatInflightWiFiPriva,Viasat In-Flight WiFi Privacy Policy
Viasat,ViasatManagedWebsiteAppl,Viasat Managed Website Application
Viasat,ViasatMobileApplications,Viasat Mobile Applications Terms of Service
Viasat,WildBlueSubscriberPrivacy,Wild Blue Subscriber Privacy Policy
Vice,PrivacyPolicy,Privacy Policy
Vice,SecurityPolicy,Security Policy
Vice,TermsofUse,Terms of Use
Vimeo,PrivacyPolicy,Privacy Policy
Vimeo,TermsofService,Terms of Service
VirginAtlantic,PrivacyPolicy,Privacy Policy
Virgin,CookiePolicy,Cookie Policy
Virgin,PrivacyPolicy,Privacy Policy
Virgin,WebsiteTermsofUse,Website Terms of Use
VisaSolutionCheckoutPaytoClick,Cookies,Cookies
VisaSolutionCheckoutPaytoClick,GlobalPrivacyNotice,Global Privacy Notice
VisaSolutionCheckoutPaytoClick,TermsofService,Terms of Service
Vivaldi,BrowserPrivacyPolicy,Browser Privacy Policy
Vivaldi,CommunityTermsofUse,Community Terms of Use
Vivaldi,CookiePolicy,Cookie Policy
Vivaldi,EndUserLicenseAgreement,End User License Agreement
Vivaldi,PrivacyPoliciesforThird,Privacy Policies
Vive,CodeofConduct,Code of Conduct
Vive,CookiePreferences,Cookie Preferences
Vive,PrivacyPolicy,Privacy Policy
Vive,ReturnsandCancellations,Returns and Cancellations
Vive,TermsofUse,Terms of Use
VIZIO,LIMITEDWARRANTY,Limited Warranty
VIZIO,MYVIZIOTERMSOFUSE,My Vizio Terms of Use
VIZIO,ShippingTermsandConditions,Shipping Terms and Conditions
VIZIO,TERMSOFSERVICE,Terms of Service
VIZIO,Viewingdatasupplementto,Viewing Data Supplement
VIZIO,VIZIOWebsiteTermsofUse,Vizio Website Terms of Use
VodafoneGroup,Privacypolicy,Privacy Policy
VodafoneGroup,TermsandConditions,Terms and Conditions
Vonage,PrivacyPolicy,Privacy Policy
Vonage,SupplementalTerms,Supplemental Terms
Vonage,TermsofUse,Terms of Use
VoxMedia,CookiePolicy,Cookie Policy
VoxMedia,PrivacyNotice,Privacy Notice
VoxMedia,TermsofUse,Terms of Use
VoxMedia,VoxMediaSecurity,Vox Media Security Policy
Vox,CookiePolicy,Cookie Policy
Vox,PrivacyPolicy,Privacy Policy
Vox,TermsofUse,Terms of Use
W3Schools,CookiesandPrivacyPolicy,Cookies and Privacy Policy
W3Schools,TermsofUseAboutCopyright,Terms of Use About Copyright
WallStreetOasis,PrivacyPolicy,Privacy Policy
WallStreetOasis,TermsandConditions,Terms and Conditions
Walmart,CaliforniaPrivacyRights,California Privacy Rights
Walmart,PrivacyPolicy,Privacy Policy
WarnerBros,PrivacyPolicy,Privacy Policy
WarnerBros,TermsofUse,Terms of Use
WashingtonPost,PrivacyPolicy,Privacy Policy
WashingtonPost,TermsOfService,Terms of Service
WatchMojocom,CopyrightTermsandPrivacy,Copyright Terms and Privacy Policy
Waymo,PrivacyPolicy,Privacy Policy
Waymo,TermsofService,Terms of Service
Waze,CookiePolicy,Cookie Policy
Waze,CopyrightPolicy,Copyright Policy
Waze,PrivacyPolicy,Privacy Policy
Waze,TermsofUse,Terms of Use
Wealthfront,PrivacyPolicy,Privacy Policy
Wealthfront,TermsofUse,Terms of Use
WeatherUnderground,TermsofUse,Terms of Use
WebMD,AdvertisingPolicy,Advertising Policy
WebMD,CookiePolicy,Cookie Policy
WebMD,CorrectionsPolicy,Corrections Policy
WebMD,EditorialPolicy,Editorial Policy
WebMD,PrivacyPolicy,Privacy Policy
WebMD,TermsandConditionsofUse,Terms and Conditions of Use
weebly,PrivacyPolicy,Privacy Policy
weebly,TermsofService,Terms of Service
WeightsandBiases,PrivacyPolicy,Privacy Policy
Welchs,PrivacyPolicy,Privacy Policy
WellsFargo,termsofservice,Terms of Service
WePay,PrivacyPolicy,Privacy Policy
WePay,TermsofService,Terms of Service
Whirlpool,LegalNotice,Legal Notice
Whirlpool,PrivacyNoticeUnitedSta,Privacy Notice United States
Whirlpool,TermsofUse,Terms of Use
WikiHow,CookiePolicy,Cookie Policy
WikiHow,PrivacyPolicy,Privacy Policy
WikiHow,TermsofUse,Terms of Use
Wikimedia,PrivacyPolicy,Privacy Policy
Wikimedia,TermsofUse,Terms of Use
Wikipedia,TermsofUse,Terms of Use
WinZip,CookieandTrackingToolNo,Cookie and Tracking Tool Notice
WinZip,PrivacyStatement,Privacy Statement
WinZip,Terms,Terms of Service
Wire,Mergedintodocument262by,Merged Into Document 262
Wire,PrivacyPolicy,Privacy Policy
Wire,TermsofUsepersonal,Terms of Use Personal
WiseFuneralHome,PrivacyPolicy,Privacy Policy
WiseFuneralHome,TermsandConditions,Terms and Conditions
Wise,CookiePolicy,Cookie Policy
Wise,CustomerAgreementEU,Customer Agreement
Wise,CustomerAgreementUSA,Customer Agreement USA
Wise,GlobalPrivacyPolicy,Global Privacy Policy
Wise,PrivacyPolicyEU,Privacy Policy EU
Wise,PrivacyPolicyUSA,Privacy Policy USA
Wise,TermsofUseUK,Terms of Use UK
wix,PrivacyPolicy,Privacy Policy
wix,TermsofUse,Terms of Use
WizardsoftheCoast,Cookies,Cookies
WizardsoftheCoast,GENERALTERMS,General Terms
WizardsoftheCoast,PrivacyPolicy,Privacy Policy
WolframAlpha,PrivacyPolicy,Privacy Policy
WolframAlpha,TermsofUse,Terms of Use
Wordpresscom,CookiePolicy,Cookie Policy
Wordpresscom,PrivacyPolicy,Privacy Policy
Wordpresscom,TermsofService,Terms of Service
WordPressorg,CookiePolicy,Cookie Policy
WordPressorg,PrivacyPolicy,Privacy Policy
worldofwarcraft,Cookies,Cookies
Worldometer,PrivacyPolicy,Privacy Policy
WPSOffice,AutoRenewalTerms,Auto-Renewal Terms
WPSOffice,CookieDeclaration,Cookie Declaration
WPSOffice,EULA,End-User License Agreement
WPSOffice,PrivacyPolicy,Privacy Policy
WWNorton,PrivacyPolicy,Privacy Policy
WWNorton,TermsofUse,Terms of Use
Xfinity,PrivacyPolicy,Privacy Policy
Xfinity,ResidentialServicesAgreement,Residential Services Agreement
Xfinity,WebServicesTermsofService,Web Services Terms of Service
XHamster,privacy,Privacy Policy
Xiaomi,PrivacyPolicy,Privacy Policy
Xiaomi,UserAgreement,User Agreement
XVideos,AntiPiracyStatement,Anti-Piracy Statement
XVideos,PrivacyPolicy,Privacy Policy
XVideos,RepeatInfringersPolicy,Repeat Infringers Policy
XVideos,Termsofservice,Terms of Service
Yahoo,PrivacyPolicy,Privacy Policy
Yahoo,PrivacyTopicLocation,Privacy Topic Location
Yahoo,TermsofService,Terms of Service
Yandex,PrivacyPolicy,Privacy Policy
Yandex,Termsofservice,Terms of Service
yelp,PrivacyPolicy,Privacy Policy
yelp,TermsofService,Terms of Service
YouGov,PrivacyPolicy,Privacy Policy
YouGov,TermsandConditionsofUse,Terms and Conditions of Use
YouPorn,COPYRIGHTPOLICY,Copyright Policy
YouPorn,PrivacyPolicy,Privacy Policy
YouPorn,TermsOfService,Terms of Service
YouTubeKids,NoticeforChildren,Notice for Children
YouTubeKids,ParentalGuide,Parental Guide
YouTubeKids,PrivacyNotice,Privacy Notice
YouTube,ChildSafetyPolicy,Child Safety Policy
YouTube,CommunityGuidelines,Community Guidelines
YouTube,CopyrightStrike,Copyright Strike
YouTube,HateSpeechPolicy,Hate Speech Policy
YouTube,PrivacyPolicy,Privacy Policy
YouTube,TermsofService,Terms of Service
YouTube,ViolentCriminalOrganizati,Violent Criminal Organization
YWCA,PrivacyPolicy,Privacy Policy
Zapier,PrivacyPolicy,Privacy Policy
Zendesk,CookiePolicy,Cookie Policy
Zendesk,PrivacyPolicy,Privacy Policy
Zendesk,TermsofUse,Terms of Use
ZeniMaxMediaInc,PrivacyPolicy,Privacy Policy
ZeniMaxMediaInc,TermsofService,Terms of Service
Zillow,PrivacyPolicy,Privacy Policy
Zillow,TermsofUse,Terms of Use
Zipcar,ZipcarMembershipContract,Zipcar Membership Contract
ZoomInfo,PrivacyPolicy,Privacy Policy
ZoomInfo,SecurityOverview,Security Overview
ZoomInfo,WebsiteTermsofUse,Website Terms of Use
ZOOMPlatform,Privacy,Privacy Policy
ZOOMPlatform,TermsofService,Terms of Service
ZoomVideoCommunications,CookiePolicy,Cookie Policy
ZoomVideoCommunications,DigitalMillenniumCopyrig,Digital Millennium Copyright Act
ZoomVideoCommunications,PrivacyPolicy,Privacy Policy
ZoomVideoCommunications,TermsofService,Terms of Service
Zoosk,CookiePolicy,Cookie Policy
Zoosk,ElectronicRecordsDisclosu,Electronic Records Disclosure
Zoosk,PrivacyPolicy,Privacy Policy
Zoosk,TermsofUseAgreement,Terms of Use Agreement
Zotero,Privacypolicy,Privacy Policy
Zotero,Termsofservice,Terms of Service
